Method,Url,Controller,Module,File
GET,/adminapi/group/list,GroupController,organization,/modules/organization/group/group.controller.ts
GET,/adminapi/group/get,GroupController,organization,/modules/organization/group/group.controller.ts
POST,/adminapi/group/update,GroupController,organization,/modules/organization/group/group.controller.ts
DELETE,/adminapi/group/delete,GroupController,organization,/modules/organization/group/group.controller.ts
GET,/adminapi/groupEmployee/list,GroupController,organization,/modules/organization/group/group.controller.ts
POST,/adminapi/groupEmployee/update,GroupController,organization,/modules/organization/group/group.controller.ts
DELETE,/adminapi/groupEmployee/delete,GroupController,organization,/modules/organization/group/group.controller.ts
GET,/adminapi/zaloOa/list,IntegrationController,organization,/modules/organization/integration/integration.controller.ts
POST,/adminapi/zaloOa/update,IntegrationController,organization,/modules/organization/integration/integration.controller.ts
DELETE,/adminapi/zaloOa/delete,IntegrationController,organization,/modules/organization/integration/integration.controller.ts
GET,/adminapi/zaloChat/list,IntegrationController,organization,/modules/organization/integration/integration.controller.ts
GET,/adminapi/zaloChat/get,IntegrationController,organization,/modules/organization/integration/integration.controller.ts
POST,/adminapi/zaloChat/send,IntegrationController,organization,/modules/organization/integration/integration.controller.ts
GET,/adminapi/zaloFollower/list,IntegrationController,organization,/modules/organization/integration/integration.controller.ts
GET,/adminapi/znsTemplate/list,IntegrationController,organization,/modules/organization/integration/integration.controller.ts
POST,/adminapi/znsTemplate/update,IntegrationController,organization,/modules/organization/integration/integration.controller.ts
DELETE,/adminapi/znsTemplate/delete,IntegrationController,organization,/modules/organization/integration/integration.controller.ts
GET,/adminapi/objectAttribute/list,IntegrationController,organization,/modules/organization/integration/integration.controller.ts
POST,/adminapi/objectAttribute/update,IntegrationController,organization,/modules/organization/integration/integration.controller.ts
DELETE,/adminapi/objectAttribute/delete,IntegrationController,organization,/modules/organization/integration/integration.controller.ts
GET,/adminapi/objectAttribute/get,IntegrationController,organization,/modules/organization/integration/integration.controller.ts
GET,/adminapi/objectExtraInfo/list,IntegrationController,organization,/modules/organization/integration/integration.controller.ts
GET,/adminapi/objectFeature/list,IntegrationController,organization,/modules/organization/integration/integration.controller.ts
GET,/adminapi/objectGroup/list,IntegrationController,organization,/modules/organization/integration/integration.controller.ts
GET,/adminapi/userLogin/list,IntegrationController,organization,/modules/organization/integration/integration.controller.ts
GET,/adminapi/userLogin/daily/list,IntegrationController,organization,/modules/organization/integration/integration.controller.ts
GET,/adminapi/customer/dashboard/list,IntegrationController,organization,/modules/organization/integration/integration.controller.ts
GET,/adminapi/customer/dashboard/fields,IntegrationController,organization,/modules/organization/integration/integration.controller.ts
GET,/adminapi/customer/dashboard/getTotal,IntegrationController,organization,/modules/organization/integration/integration.controller.ts
GET,/adminapi/customer/dashboard/getTotal/detail,IntegrationController,organization,/modules/organization/integration/integration.controller.ts
GET,/adminapi/customer/dashboard/fetchData,IntegrationController,organization,/modules/organization/integration/integration.controller.ts
GET,/adminapi/customer/dashboard/externalOrnot,IntegrationController,organization,/modules/organization/integration/integration.controller.ts
GET,/adminapi/customer/dashboard/get,IntegrationController,organization,/modules/organization/integration/integration.controller.ts
GET,/adminapi/customer/dashboard/relationShip,IntegrationController,organization,/modules/organization/integration/integration.controller.ts
POST,/adminapi/customer/dashboard/update,IntegrationController,organization,/modules/organization/integration/integration.controller.ts
DELETE,/adminapi/customer/dashboard/delete,IntegrationController,organization,/modules/organization/integration/integration.controller.ts
POST,/adminapi/customer/assign,IntegrationController,organization,/modules/organization/integration/integration.controller.ts
POST,/adminapi/customer/moveToEs,IntegrationController,organization,/modules/organization/integration/integration.controller.ts
GET,/adminapi/customer/export/attributes,IntegrationController,organization,/modules/organization/integration/integration.controller.ts
POST,/adminapi/customer/export/multi,IntegrationController,organization,/modules/organization/integration/integration.controller.ts
POST,/adminapi/customer/export/randomCustomers,IntegrationController,organization,/modules/organization/integration/integration.controller.ts
POST,/adminapi/customer/import/manualProcess,IntegrationController,organization,/modules/organization/integration/integration.controller.ts
GET,/adminapi/customer/estimate,IntegrationController,organization,/modules/organization/integration/integration.controller.ts
POST,/adminapi/customer/campaign/send/email,IntegrationController,organization,/modules/organization/integration/integration.controller.ts
GET,/adminapi/reportConfig/list,IntegrationController,organization,/modules/organization/integration/integration.controller.ts
POST,/adminapi/reportConfig/update,IntegrationController,organization,/modules/organization/integration/integration.controller.ts
DELETE,/adminapi/reportConfig/delete,IntegrationController,organization,/modules/organization/integration/integration.controller.ts
GET,/adminapi/reportDashboard/list,IntegrationController,organization,/modules/organization/integration/integration.controller.ts
GET,/adminapi/reportTemplate/list,IntegrationController,organization,/modules/organization/integration/integration.controller.ts
POST,/adminapi/reportTemplate/update,IntegrationController,organization,/modules/organization/integration/integration.controller.ts
DELETE,/adminapi/reportTemplate/delete,IntegrationController,organization,/modules/organization/integration/integration.controller.ts
GET,/adminapi/reportArtifact/list,IntegrationController,organization,/modules/organization/integration/integration.controller.ts
GET,/adminapi/reportRole/list,IntegrationController,organization,/modules/organization/integration/integration.controller.ts
GET,/adminapi/mailbox/list,IntegrationController,organization,/modules/organization/integration/integration.controller.ts
GET,/adminapi/mailboxExchange/list,IntegrationController,organization,/modules/organization/integration/integration.controller.ts
POST,/adminapi/mailboxExchange/send,IntegrationController,organization,/modules/organization/integration/integration.controller.ts
GET,/adminapi/treatmentTime/list,IntegrationController,organization,/modules/organization/integration/integration.controller.ts
POST,/adminapi/treatmentTime/update,IntegrationController,organization,/modules/organization/integration/integration.controller.ts
DELETE,/adminapi/treatmentTime/delete,IntegrationController,organization,/modules/organization/integration/integration.controller.ts
GET,/adminapi/treatmentTime/get,IntegrationController,organization,/modules/organization/integration/integration.controller.ts
GET,/adminapi/beautyBranch/list,CatalogController,organization,/modules/organization/catalog/catalog.controller.ts
GET,/adminapi/beautyBranch/child,CatalogController,organization,/modules/organization/catalog/catalog.controller.ts
GET,/adminapi/beautyBranch/get,CatalogController,organization,/modules/organization/catalog/catalog.controller.ts
GET,/adminapi/beautyBranch/get/byCode,CatalogController,organization,/modules/organization/catalog/catalog.controller.ts
POST,/adminapi/beautyBranch/update,CatalogController,organization,/modules/organization/catalog/catalog.controller.ts
DELETE,/adminapi/beautyBranch/delete,CatalogController,organization,/modules/organization/catalog/catalog.controller.ts
POST,/adminapi/beautyBranch/update/activate,CatalogController,organization,/modules/organization/catalog/catalog.controller.ts
POST,/adminapi/beautyBranch/update/deactivate,CatalogController,organization,/modules/organization/catalog/catalog.controller.ts
GET,/adminapi/common/list,CatalogController,organization,/modules/organization/catalog/catalog.controller.ts
POST,/adminapi/common/update,CatalogController,organization,/modules/organization/catalog/catalog.controller.ts
DELETE,/adminapi/common/delete,CatalogController,organization,/modules/organization/catalog/catalog.controller.ts
GET,/adminapi/brandname/list,CatalogController,organization,/modules/organization/catalog/catalog.controller.ts
POST,/adminapi/brandname/update,CatalogController,organization,/modules/organization/catalog/catalog.controller.ts
DELETE,/adminapi/brandname/delete,CatalogController,organization,/modules/organization/catalog/catalog.controller.ts
GET,/adminapi/whitelist/brandname/contact/list,CatalogController,organization,/modules/organization/catalog/catalog.controller.ts
POST,/adminapi/whitelist/brandname/contact/update,CatalogController,organization,/modules/organization/catalog/catalog.controller.ts
DELETE,/adminapi/whitelist/brandname/contact/delete,CatalogController,organization,/modules/organization/catalog/catalog.controller.ts
POST,/adminapi/whitelist/brandname/update,CatalogController,organization,/modules/organization/catalog/catalog.controller.ts
GET,/adminapi/projectType/list,CatalogController,organization,/modules/organization/catalog/catalog.controller.ts
POST,/adminapi/projectType/update,CatalogController,organization,/modules/organization/catalog/catalog.controller.ts
DELETE,/adminapi/projectType/delete,CatalogController,organization,/modules/organization/catalog/catalog.controller.ts
GET,/adminapi/area/child,CatalogController,organization,/modules/organization/catalog/catalog.controller.ts
GET,/adminapi/beautySalon/list,CatalogController,organization,/modules/organization/catalog/catalog.controller.ts
POST,/adminapi/beautySalon/approve,CatalogController,organization,/modules/organization/catalog/catalog.controller.ts
DELETE,/adminapi/beautySalon/delete,CatalogController,organization,/modules/organization/catalog/catalog.controller.ts
GET,/adminapi/common/get,CatalogController,organization,/modules/organization/catalog/catalog.controller.ts
GET,/adminapi/department/list,DepartmentController,organization,/modules/organization/department/department.controller.ts
GET,/adminapi/department/get,DepartmentController,organization,/modules/organization/department/department.controller.ts
POST,/adminapi/department/update,DepartmentController,organization,/modules/organization/department/department.controller.ts
DELETE,/adminapi/department/delete,DepartmentController,organization,/modules/organization/department/department.controller.ts
POST,/adminapi/department/update/parent,DepartmentController,organization,/modules/organization/department/department.controller.ts
GET,/adminapi/department/list/branch,DepartmentController,organization,/modules/organization/department/department.controller.ts
POST,/adminapi/department/list/branch,DepartmentController,organization,/modules/organization/department/department.controller.ts
GET,/adminapi/workProject/list,WorkController,organization,/modules/organization/work/work.controller.ts
GET,/adminapi/workProject/get,WorkController,organization,/modules/organization/work/work.controller.ts
POST,/adminapi/workProject/update,WorkController,organization,/modules/organization/work/work.controller.ts
DELETE,/adminapi/workProject/delete,WorkController,organization,/modules/organization/work/work.controller.ts
GET,/adminapi/workProject/getEmployees,WorkController,organization,/modules/organization/work/work.controller.ts
GET,/adminapi/workOrder/list,WorkController,organization,/modules/organization/work/work.controller.ts
POST,/adminapi/workOrder/list,WorkController,organization,/modules/organization/work/work.controller.ts
GET,/adminapi/workOrder/listV2,WorkController,organization,/modules/organization/work/work.controller.ts
GET,/adminapi/workOrder/groups,WorkController,organization,/modules/organization/work/work.controller.ts
GET,/adminapi/workOrder/groupsV2,WorkController,organization,/modules/organization/work/work.controller.ts
GET,/adminapi/workOrder/get,WorkController,organization,/modules/organization/work/work.controller.ts
POST,/adminapi/workOrder/update,WorkController,organization,/modules/organization/work/work.controller.ts
DELETE,/adminapi/workOrder/delete,WorkController,organization,/modules/organization/work/work.controller.ts
POST,/adminapi/workOrder/update/status,WorkController,organization,/modules/organization/work/work.controller.ts
POST,/adminapi/workOrder/update/priorityLevel,WorkController,organization,/modules/organization/work/work.controller.ts
POST,/adminapi/workOrder/update/review,WorkController,organization,/modules/organization/work/work.controller.ts
POST,/adminapi/workOrder/update/pause,WorkController,organization,/modules/organization/work/work.controller.ts
POST,/adminapi/workOrder/update/employee,WorkController,organization,/modules/organization/work/work.controller.ts
POST,/adminapi/workOrder/update/participant,WorkController,organization,/modules/organization/work/work.controller.ts
POST,/adminapi/workOrder/update/customer,WorkController,organization,/modules/organization/work/work.controller.ts
GET,/adminapi/workOrder/get/related_people,WorkController,organization,/modules/organization/work/work.controller.ts
POST,/adminapi/workOrder/save-and-init-process,WorkController,organization,/modules/organization/work/work.controller.ts
POST,/adminapi/workOrder/update-init-process,WorkController,organization,/modules/organization/work/work.controller.ts
POST,/adminapi/workOrder/update/other_work_order,WorkController,organization,/modules/organization/work/work.controller.ts
GET,/adminapi/workOrder/get/other_work_order,WorkController,organization,/modules/organization/work/work.controller.ts
GET,/adminapi/workOrder/list/pause,WorkController,organization,/modules/organization/work/work.controller.ts
GET,/adminapi/workInprogress/list,WorkController,organization,/modules/organization/work/work.controller.ts
GET,/adminapi/workInprogress/get,WorkController,organization,/modules/organization/work/work.controller.ts
POST,/adminapi/workInprogress/update,WorkController,organization,/modules/organization/work/work.controller.ts
GET,/adminapi/workExchange/list,WorkController,organization,/modules/organization/work/work.controller.ts
GET,/adminapi/workExchange/get,WorkController,organization,/modules/organization/work/work.controller.ts
POST,/adminapi/workExchange/update,WorkController,organization,/modules/organization/work/work.controller.ts
DELETE,/adminapi/workExchange/delete,WorkController,organization,/modules/organization/work/work.controller.ts
GET,/adminapi/employee/managers,WorkController,organization,/modules/organization/work/work.controller.ts
GET,/adminapi/employee/assignees,WorkController,organization,/modules/organization/work/work.controller.ts
GET,/adminapi/workType/list,WorkController,organization,/modules/organization/work/work.controller.ts
GET,/adminapi/workType/get,WorkController,organization,/modules/organization/work/work.controller.ts
POST,/adminapi/workType/update,WorkController,organization,/modules/organization/work/work.controller.ts
DELETE,/adminapi/workType/delete,WorkController,organization,/modules/organization/work/work.controller.ts
GET,/adminapi/ola/export,WorkController,organization,/modules/organization/work/work.controller.ts
GET,/adminapi/sla/export,WorkController,organization,/modules/organization/work/work.controller.ts
GET,/adminapi/boughtCardService/list,BoughtController,organization,/modules/organization/bought/bought.controller.ts
GET,/adminapi/boughtCardService/getBoughtCardServiceByCustomerId,BoughtController,organization,/modules/organization/bought/bought.controller.ts
POST,/adminapi/boughtCardService/update,BoughtController,organization,/modules/organization/bought/bought.controller.ts
POST,/adminapi/boughtCardService/update/cardNumber,BoughtController,organization,/modules/organization/bought/bought.controller.ts
DELETE,/adminapi/boughtCardService/delete,BoughtController,organization,/modules/organization/bought/bought.controller.ts
POST,/adminapi/boughtCard/update,BoughtController,organization,/modules/organization/bought/bought.controller.ts
GET,/adminapi/loyaltyPointLedger/list,BoughtController,organization,/modules/organization/bought/bought.controller.ts
GET,/adminapi/boughtProduct/list,BoughtController,organization,/modules/organization/bought/bought.controller.ts
GET,/adminapi/boughtProduct/get,BoughtController,organization,/modules/organization/bought/bought.controller.ts
GET,/adminapi/boughtProduct/getBoughtProductByCustomerId,BoughtController,organization,/modules/organization/bought/bought.controller.ts
POST,/adminapi/boughtProduct/update,BoughtController,organization,/modules/organization/bought/bought.controller.ts
DELETE,/adminapi/boughtProduct/delete,BoughtController,organization,/modules/organization/bought/bought.controller.ts
GET,/adminapi/boughtService/getBoughtServiceByCustomerId,BoughtController,organization,/modules/organization/bought/bought.controller.ts
GET,/adminapi/boughtService/get,BoughtController,organization,/modules/organization/bought/bought.controller.ts
POST,/adminapi/boughtService/update,BoughtController,organization,/modules/organization/bought/bought.controller.ts
DELETE,/adminapi/boughtService/delete,BoughtController,organization,/modules/organization/bought/bought.controller.ts
GET,/adminapi/career/list,CatalogExtController,organization,/modules/organization/catalog-ext/catalog-ext.controller.ts
POST,/adminapi/career/update,CatalogExtController,organization,/modules/organization/catalog-ext/catalog-ext.controller.ts
DELETE,/adminapi/career/delete,CatalogExtController,organization,/modules/organization/catalog-ext/catalog-ext.controller.ts
GET,/adminapi/position/list,CatalogExtController,organization,/modules/organization/catalog-ext/catalog-ext.controller.ts
POST,/adminapi/position/update,CatalogExtController,organization,/modules/organization/catalog-ext/catalog-ext.controller.ts
DELETE,/adminapi/position/delete,CatalogExtController,organization,/modules/organization/catalog-ext/catalog-ext.controller.ts
GET,/adminapi/competency/list,CatalogExtController,organization,/modules/organization/catalog-ext/catalog-ext.controller.ts
POST,/adminapi/competency/update,CatalogExtController,organization,/modules/organization/catalog-ext/catalog-ext.controller.ts
DELETE,/adminapi/competency/delete,CatalogExtController,organization,/modules/organization/catalog-ext/catalog-ext.controller.ts
GET,/adminapi/building/list,CatalogExtController,organization,/modules/organization/catalog-ext/catalog-ext.controller.ts
POST,/adminapi/building/update,CatalogExtController,organization,/modules/organization/catalog-ext/catalog-ext.controller.ts
DELETE,/adminapi/building/delete,CatalogExtController,organization,/modules/organization/catalog-ext/catalog-ext.controller.ts
GET,/adminapi/buildingFloor/list,CatalogExtController,organization,/modules/organization/catalog-ext/catalog-ext.controller.ts
POST,/adminapi/buildingFloor/update,CatalogExtController,organization,/modules/organization/catalog-ext/catalog-ext.controller.ts
DELETE,/adminapi/buildingFloor/delete,CatalogExtController,organization,/modules/organization/catalog-ext/catalog-ext.controller.ts
GET,/adminapi/codeSequence/list,CatalogExtController,organization,/modules/organization/catalog-ext/catalog-ext.controller.ts
GET,/adminapi/codeSequence/get,CatalogExtController,organization,/modules/organization/catalog-ext/catalog-ext.controller.ts
GET,/adminapi/codeSequence/get/entity,CatalogExtController,organization,/modules/organization/catalog-ext/catalog-ext.controller.ts
POST,/adminapi/codeSequence/update,CatalogExtController,organization,/modules/organization/catalog-ext/catalog-ext.controller.ts
DELETE,/adminapi/codeSequence/delete,CatalogExtController,organization,/modules/organization/catalog-ext/catalog-ext.controller.ts
GET,/adminapi/bank/list,CatalogExtController,organization,/modules/organization/catalog-ext/catalog-ext.controller.ts
POST,/adminapi/bank/update,CatalogExtController,organization,/modules/organization/catalog-ext/catalog-ext.controller.ts
DELETE,/adminapi/bank/delete,CatalogExtController,organization,/modules/organization/catalog-ext/catalog-ext.controller.ts
GET,/adminapi/category/list,CatalogExtController,organization,/modules/organization/catalog-ext/catalog-ext.controller.ts
GET,/adminapi/category/get,CatalogExtController,organization,/modules/organization/catalog-ext/catalog-ext.controller.ts
POST,/adminapi/category/update,CatalogExtController,organization,/modules/organization/catalog-ext/catalog-ext.controller.ts
DELETE,/adminapi/category/delete,CatalogExtController,organization,/modules/organization/catalog-ext/catalog-ext.controller.ts
GET,/adminapi/categoryItem/list,CatalogExtController,organization,/modules/organization/catalog-ext/catalog-ext.controller.ts
GET,/adminapi/categoryItem/get,CatalogExtController,organization,/modules/organization/catalog-ext/catalog-ext.controller.ts
POST,/adminapi/categoryItem/update,CatalogExtController,organization,/modules/organization/catalog-ext/catalog-ext.controller.ts
DELETE,/adminapi/categoryItem/delete,CatalogExtController,organization,/modules/organization/catalog-ext/catalog-ext.controller.ts
GET,/adminapi/card/list,CatalogExtController,organization,/modules/organization/catalog-ext/catalog-ext.controller.ts
POST,/adminapi/card/update,CatalogExtController,organization,/modules/organization/catalog-ext/catalog-ext.controller.ts
DELETE,/adminapi/card/delete,CatalogExtController,organization,/modules/organization/catalog-ext/catalog-ext.controller.ts
GET,/adminapi/cardService/list,CatalogExtController,organization,/modules/organization/catalog-ext/catalog-ext.controller.ts
GET,/adminapi/cardService/get,CatalogExtController,organization,/modules/organization/catalog-ext/catalog-ext.controller.ts
POST,/adminapi/cardService/update,CatalogExtController,organization,/modules/organization/catalog-ext/catalog-ext.controller.ts
DELETE,/adminapi/cardService/delete,CatalogExtController,organization,/modules/organization/catalog-ext/catalog-ext.controller.ts
GET,/adminapi/product/list,CatalogExtController,organization,/modules/organization/catalog-ext/catalog-ext.controller.ts
GET,/adminapi/product/get,CatalogExtController,organization,/modules/organization/catalog-ext/catalog-ext.controller.ts
POST,/adminapi/product/update,CatalogExtController,organization,/modules/organization/catalog-ext/catalog-ext.controller.ts
DELETE,/adminapi/product/delete,CatalogExtController,organization,/modules/organization/catalog-ext/catalog-ext.controller.ts
GET,/adminapi/service/list,CatalogExtController,organization,/modules/organization/catalog-ext/catalog-ext.controller.ts
GET,/adminapi/service/get,CatalogExtController,organization,/modules/organization/catalog-ext/catalog-ext.controller.ts
POST,/adminapi/service/update,CatalogExtController,organization,/modules/organization/catalog-ext/catalog-ext.controller.ts
DELETE,/adminapi/service/delete,CatalogExtController,organization,/modules/organization/catalog-ext/catalog-ext.controller.ts
GET,/adminapi/unit/list,CatalogExtController,organization,/modules/organization/catalog-ext/catalog-ext.controller.ts
POST,/adminapi/unit/update,CatalogExtController,organization,/modules/organization/catalog-ext/catalog-ext.controller.ts
DELETE,/adminapi/unit/delete,CatalogExtController,organization,/modules/organization/catalog-ext/catalog-ext.controller.ts
GET,/adminapi/cashbook/list,CatalogExtController,organization,/modules/organization/catalog-ext/catalog-ext.controller.ts
GET,/adminapi/cashbook/get,CatalogExtController,organization,/modules/organization/catalog-ext/catalog-ext.controller.ts
POST,/adminapi/cashbook/update,CatalogExtController,organization,/modules/organization/catalog-ext/catalog-ext.controller.ts
DELETE,/adminapi/cashbook/delete,CatalogExtController,organization,/modules/organization/catalog-ext/catalog-ext.controller.ts
GET,/adminapi/cashbook/report,CatalogExtController,organization,/modules/organization/catalog-ext/catalog-ext.controller.ts
GET,/adminapi/cashbook/statistic,CatalogExtController,organization,/modules/organization/catalog-ext/catalog-ext.controller.ts
GET,/adminapi/cashbook/statistic/customer,CatalogExtController,organization,/modules/organization/catalog-ext/catalog-ext.controller.ts
GET,/adminapi/cashbook/export,CatalogExtController,organization,/modules/organization/catalog-ext/catalog-ext.controller.ts
GET,/adminapi/filter-setting/list,CatalogExtController,organization,/modules/organization/catalog-ext/catalog-ext.controller.ts
POST,/adminapi/filter-setting/update,CatalogExtController,organization,/modules/organization/catalog-ext/catalog-ext.controller.ts
DELETE,/adminapi/filter-setting/delete,CatalogExtController,organization,/modules/organization/catalog-ext/catalog-ext.controller.ts
GET,/adminapi/attachment/list,CatalogExtController,organization,/modules/organization/catalog-ext/catalog-ext.controller.ts
GET,/adminapi/attachment/get,CatalogExtController,organization,/modules/organization/catalog-ext/catalog-ext.controller.ts
POST,/adminapi/attachment/update,CatalogExtController,organization,/modules/organization/catalog-ext/catalog-ext.controller.ts
DELETE,/adminapi/attachment/delete,CatalogExtController,organization,/modules/organization/catalog-ext/catalog-ext.controller.ts
GET,/adminapi/tipGroup/list,CatalogExtController,organization,/modules/organization/catalog-ext/catalog-ext.controller.ts
POST,/adminapi/tipGroup/update,CatalogExtController,organization,/modules/organization/catalog-ext/catalog-ext.controller.ts
DELETE,/adminapi/tipGroup/delete,CatalogExtController,organization,/modules/organization/catalog-ext/catalog-ext.controller.ts
GET,/adminapi/tipGroupEmployee/list,CatalogExtController,organization,/modules/organization/catalog-ext/catalog-ext.controller.ts
POST,/adminapi/tipGroupEmployee/update,CatalogExtController,organization,/modules/organization/catalog-ext/catalog-ext.controller.ts
DELETE,/adminapi/tipGroupEmployee/delete,CatalogExtController,organization,/modules/organization/catalog-ext/catalog-ext.controller.ts
GET,/adminapi/tipGroupConfig/list,CatalogExtController,organization,/modules/organization/catalog-ext/catalog-ext.controller.ts
POST,/adminapi/tipGroupConfig/update,CatalogExtController,organization,/modules/organization/catalog-ext/catalog-ext.controller.ts
DELETE,/adminapi/tipGroupConfig/delete,CatalogExtController,organization,/modules/organization/catalog-ext/catalog-ext.controller.ts
GET,/adminapi/tipUser/list,CatalogExtController,organization,/modules/organization/catalog-ext/catalog-ext.controller.ts
POST,/adminapi/tipUser/update,CatalogExtController,organization,/modules/organization/catalog-ext/catalog-ext.controller.ts
GET,/adminapi/templateEmail/list,CatalogExtController,organization,/modules/organization/catalog-ext/catalog-ext.controller.ts
POST,/adminapi/templateEmail/update,CatalogExtController,organization,/modules/organization/catalog-ext/catalog-ext.controller.ts
DELETE,/adminapi/templateEmail/delete,CatalogExtController,organization,/modules/organization/catalog-ext/catalog-ext.controller.ts
GET,/adminapi/templateSms/list,CatalogExtController,organization,/modules/organization/catalog-ext/catalog-ext.controller.ts
POST,/adminapi/templateSms/update,CatalogExtController,organization,/modules/organization/catalog-ext/catalog-ext.controller.ts
DELETE,/adminapi/templateSms/delete,CatalogExtController,organization,/modules/organization/catalog-ext/catalog-ext.controller.ts
GET,/adminapi/templateZalo/list,CatalogExtController,organization,/modules/organization/catalog-ext/catalog-ext.controller.ts
POST,/adminapi/templateZalo/update,CatalogExtController,organization,/modules/organization/catalog-ext/catalog-ext.controller.ts
DELETE,/adminapi/templateZalo/delete,CatalogExtController,organization,/modules/organization/catalog-ext/catalog-ext.controller.ts
GET,/adminapi/emailConfig/list,CatalogExtController,organization,/modules/organization/catalog-ext/catalog-ext.controller.ts
POST,/adminapi/emailConfig/update,CatalogExtController,organization,/modules/organization/catalog-ext/catalog-ext.controller.ts
DELETE,/adminapi/emailConfig/delete,CatalogExtController,organization,/modules/organization/catalog-ext/catalog-ext.controller.ts
GET,/adminapi/webhook/list,CatalogExtController,organization,/modules/organization/catalog-ext/catalog-ext.controller.ts
POST,/adminapi/webhook/update,CatalogExtController,organization,/modules/organization/catalog-ext/catalog-ext.controller.ts
DELETE,/adminapi/webhook/delete,CatalogExtController,organization,/modules/organization/catalog-ext/catalog-ext.controller.ts
GET,/adminapi/callConfig/list,CatalogExtController,organization,/modules/organization/catalog-ext/catalog-ext.controller.ts
GET,/adminapi/callConfig/get,CatalogExtController,organization,/modules/organization/catalog-ext/catalog-ext.controller.ts
POST,/adminapi/callConfig/update,CatalogExtController,organization,/modules/organization/catalog-ext/catalog-ext.controller.ts
DELETE,/adminapi/callConfig/delete,CatalogExtController,organization,/modules/organization/catalog-ext/catalog-ext.controller.ts
POST,/adminapi/callConfig/update/status,CatalogExtController,organization,/modules/organization/catalog-ext/catalog-ext.controller.ts
GET,/adminapi/callActivity/get,CatalogExtController,organization,/modules/organization/catalog-ext/catalog-ext.controller.ts
POST,/adminapi/callActivity/update,CatalogExtController,organization,/modules/organization/catalog-ext/catalog-ext.controller.ts
POST,/adminapi/sendEmail/send,CatalogExtController,organization,/modules/organization/catalog-ext/catalog-ext.controller.ts
POST,/adminapi/email/send,CatalogExtController,organization,/modules/organization/catalog-ext/catalog-ext.controller.ts
POST,/adminapi/smsRequest/send,CatalogExtController,organization,/modules/organization/catalog-ext/catalog-ext.controller.ts
POST,/adminapi/emailRequest/send,CatalogExtController,organization,/modules/organization/catalog-ext/catalog-ext.controller.ts
POST,/adminapi/callCenter/makeCall,CatalogExtController,organization,/modules/organization/catalog-ext/catalog-ext.controller.ts
POST,/adminapi/callCenter/hangupCall,CatalogExtController,organization,/modules/organization/catalog-ext/catalog-ext.controller.ts
GET,/adminapi/callCenter/getHistory,CatalogExtController,organization,/modules/organization/catalog-ext/catalog-ext.controller.ts
GET,/adminapi/callCenter/getHistoryByCallId,CatalogExtController,organization,/modules/organization/catalog-ext/catalog-ext.controller.ts
POST,/adminapi/callCenter/transferCall,CatalogExtController,organization,/modules/organization/catalog-ext/catalog-ext.controller.ts
POST,/adminapi/callCenter/makeCallOTP,CatalogExtController,organization,/modules/organization/catalog-ext/catalog-ext.controller.ts
GET,/adminapi/employee/list,EmployeeController,organization,/modules/organization/employee/employee.controller.ts
GET,/adminapi/employee/get,EmployeeController,organization,/modules/organization/employee/employee.controller.ts
GET,/adminapi/employee/info,EmployeeController,organization,/modules/organization/employee/employee.controller.ts
POST,/adminapi/employee/update,EmployeeController,organization,/modules/organization/employee/employee.controller.ts
DELETE,/adminapi/employee/delete,EmployeeController,organization,/modules/organization/employee/employee.controller.ts
POST,/adminapi/employee/link_user,EmployeeController,organization,/modules/organization/employee/employee.controller.ts
GET,/adminapi/employee/list/department,EmployeeController,organization,/modules/organization/employee/employee.controller.ts
GET,/adminapi/employee/roles,EmployeeController,organization,/modules/organization/employee/employee.controller.ts
GET,/adminapi/employee/init,EmployeeController,organization,/modules/organization/employee/employee.controller.ts
GET,/adminapi/employee/listExTip,EmployeeController,organization,/modules/organization/employee/employee.controller.ts
GET,/adminapi/employee/random_pass,EmployeeController,organization,/modules/organization/employee/employee.controller.ts
POST,/adminapi/employee/update_token,EmployeeController,organization,/modules/organization/employee/employee.controller.ts
GET,/adminapi/employee/check_email_connection,EmployeeController,organization,/modules/organization/employee/employee.controller.ts
POST,/adminapi/employee/disconnect_email,EmployeeController,organization,/modules/organization/employee/employee.controller.ts
GET,/adminapi/customer/list_paid,CustomerController,organization,/modules/organization/customer/customer.controller.ts
GET,/adminapi/customer/list_paid/shared,CustomerController,organization,/modules/organization/customer/customer.controller.ts
GET,/adminapi/customer/list_by_id,CustomerController,organization,/modules/organization/customer/customer.controller.ts
GET,/adminapi/customer/get,CustomerController,organization,/modules/organization/customer/customer.controller.ts
GET,/adminapi/customer/get/phone,CustomerController,organization,/modules/organization/customer/customer.controller.ts
GET,/adminapi/customer/get/phones,CustomerController,organization,/modules/organization/customer/customer.controller.ts
GET,/adminapi/customer/get/email,CustomerController,organization,/modules/organization/customer/customer.controller.ts
POST,/adminapi/customer/update,CustomerController,organization,/modules/organization/customer/customer.controller.ts
DELETE,/adminapi/customer/delete,CustomerController,organization,/modules/organization/customer/customer.controller.ts
POST,/adminapi/customer/delete,CustomerController,organization,/modules/organization/customer/customer.controller.ts
POST,/adminapi/customer/update/byField,CustomerController,organization,/modules/organization/customer/customer.controller.ts
POST,/adminapi/customer/update_batch/customer_group,CustomerController,organization,/modules/organization/customer/customer.controller.ts
POST,/adminapi/customer/update_batch/customer_source,CustomerController,organization,/modules/organization/customer/customer.controller.ts
POST,/adminapi/customer/update_batch/employee,CustomerController,organization,/modules/organization/customer/customer.controller.ts
POST,/adminapi/customer/update/relationship,CustomerController,organization,/modules/organization/customer/customer.controller.ts
POST,/adminapi/customer/update_batch/relationship,CustomerController,organization,/modules/organization/customer/customer.controller.ts
POST,/adminapi/customer/link_user,CustomerController,organization,/modules/organization/customer/customer.controller.ts
POST,/adminapi/customer/checkInProcess,CustomerController,organization,/modules/organization/customer/customer.controller.ts
GET,/adminapi/customer/send/sms/parser,CustomerController,organization,/modules/organization/customer/customer.controller.ts
GET,/adminapi/customer/send/sms,CustomerController,organization,/modules/organization/customer/customer.controller.ts
POST,/adminapi/customer/send/sms,CustomerController,organization,/modules/organization/customer/customer.controller.ts
GET,/adminapi/customer/send/email/parser,CustomerController,organization,/modules/organization/customer/customer.controller.ts
POST,/adminapi/customer/send/email,CustomerController,organization,/modules/organization/customer/customer.controller.ts
GET,/adminapi/customer/send/zalo/parser,CustomerController,organization,/modules/organization/customer/customer.controller.ts
POST,/adminapi/customer/send/zalo,CustomerController,organization,/modules/organization/customer/customer.controller.ts
GET,/adminapi/customer/import,CustomerController,organization,/modules/organization/customer/customer.controller.ts
POST,/adminapi/customer/import/autoProcess,CustomerController,organization,/modules/organization/customer/customer.controller.ts
GET,/adminapi/customerReport/summaryAction,CustomerController,organization,/modules/organization/customer/customer.controller.ts
GET,/adminapi/customerReport/summaryAction/detail,CustomerController,organization,/modules/organization/customer/customer.controller.ts
GET,/adminapi/opportunity/list,CustomerController,organization,/modules/organization/customer/customer.controller.ts
GET,/adminapi/customerScheduler/list,CustomerController,organization,/modules/organization/customer/customer.controller.ts
GET,/adminapi/customerScheduler/get,CustomerController,organization,/modules/organization/customer/customer.controller.ts
POST,/adminapi/customerScheduler/update,CustomerController,organization,/modules/organization/customer/customer.controller.ts
POST,/adminapi/customerScheduler/cancel,CustomerController,organization,/modules/organization/customer/customer.controller.ts
GET,/adminapi/customerExchange/list,CustomerController,organization,/modules/organization/customer/customer.controller.ts
POST,/adminapi/customerExchange/update,CustomerController,organization,/modules/organization/customer/customer.controller.ts
DELETE,/adminapi/customerExchange/delete,CustomerController,organization,/modules/organization/customer/customer.controller.ts
GET,/adminapi/customerViewer/list,CustomerController,organization,/modules/organization/customer/customer.controller.ts
POST,/adminapi/customerViewer/update,CustomerController,organization,/modules/organization/customer/customer.controller.ts
DELETE,/adminapi/customerViewer/delete,CustomerController,organization,/modules/organization/customer/customer.controller.ts
GET,/adminapi/telesaleCall/list,CustomerController,organization,/modules/organization/customer/customer.controller.ts
POST,/adminapi/telesaleCall/update,CustomerController,organization,/modules/organization/customer/customer.controller.ts
GET,/adminapi/customerField/list,CustomerController,organization,/modules/organization/customer/customer.controller.ts
POST,/adminapi/customerField/update,CustomerController,organization,/modules/organization/customer/customer.controller.ts
DELETE,/adminapi/customerField/delete,CustomerController,organization,/modules/organization/customer/customer.controller.ts
GET,/adminapi/customerAttribute/list,CustomerController,organization,/modules/organization/customer/customer.controller.ts
GET,/adminapi/customerAttribute/listAll,CustomerController,organization,/modules/organization/customer/customer.controller.ts
GET,/adminapi/customerAttribute/checkDuplicated,CustomerController,organization,/modules/organization/customer/customer.controller.ts
POST,/adminapi/customerAttribute/update,CustomerController,organization,/modules/organization/customer/customer.controller.ts
DELETE,/adminapi/customerAttribute/delete,CustomerController,organization,/modules/organization/customer/customer.controller.ts
GET,/adminapi/customerExtraInfo/list,CustomerController,organization,/modules/organization/customer/customer.controller.ts
GET,/adminapi/customerGroup/list,CustomerController,organization,/modules/organization/customer/customer.controller.ts
POST,/adminapi/customerGroup/update,CustomerController,organization,/modules/organization/customer/customer.controller.ts
DELETE,/adminapi/customerGroup/delete,CustomerController,organization,/modules/organization/customer/customer.controller.ts
GET,/adminapi/customerSource/list,CustomerController,organization,/modules/organization/customer/customer.controller.ts
POST,/adminapi/customerSource/update,CustomerController,organization,/modules/organization/customer/customer.controller.ts
DELETE,/adminapi/customerSource/delete,CustomerController,organization,/modules/organization/customer/customer.controller.ts
GET,/notification/notificationHistory/list,NotificationController,notification,/modules/notification/notification.controller.ts
GET,/notification/notificationHistory/count,NotificationController,notification,/modules/notification/notification.controller.ts
POST,/notification/notificationHistory/update,NotificationController,notification,/modules/notification/notification.controller.ts
POST,/notification/notificationHistory/update/readAll,NotificationController,notification,/modules/notification/notification.controller.ts
POST,/notification/notificationHistory/update/unread,NotificationController,notification,/modules/notification/notification.controller.ts
DELETE,/notification/notificationHistory/delete,NotificationController,notification,/modules/notification/notification.controller.ts
GET,/adminapi/campaignOpportunity/list,OpportunityController,crm,/modules/crm/opportunity/opportunity.controller.ts
GET,/adminapi/campaignOpportunity/list/view_sale,OpportunityController,crm,/modules/crm/opportunity/opportunity.controller.ts
GET,/adminapi/campaignOpportunity/get,OpportunityController,crm,/modules/crm/opportunity/opportunity.controller.ts
POST,/adminapi/campaignOpportunity/update,OpportunityController,crm,/modules/crm/opportunity/opportunity.controller.ts
POST,/adminapi/campaignOpportunity/update/batch,OpportunityController,crm,/modules/crm/opportunity/opportunity.controller.ts
POST,/adminapi/campaignOpportunity/change/employee,OpportunityController,crm,/modules/crm/opportunity/opportunity.controller.ts
POST,/adminapi/campaignOpportunity/change/sale,OpportunityController,crm,/modules/crm/opportunity/opportunity.controller.ts
DELETE,/adminapi/campaignOpportunity/delete,OpportunityController,crm,/modules/crm/opportunity/opportunity.controller.ts
POST,/adminapi/opportunityProcess/update,OpportunityController,crm,/modules/crm/opportunity/opportunity.controller.ts
DELETE,/adminapi/opportunityProcess/delete,OpportunityController,crm,/modules/crm/opportunity/opportunity.controller.ts
GET,/adminapi/opportunityExchange/list,OpportunityController,crm,/modules/crm/opportunity/opportunity.controller.ts
POST,/adminapi/opportunityExchange/update,OpportunityController,crm,/modules/crm/opportunity/opportunity.controller.ts
DELETE,/adminapi/opportunityExchange/delete,OpportunityController,crm,/modules/crm/opportunity/opportunity.controller.ts
GET,/adminapi/campaignOpportunityViewer/list,OpportunityController,crm,/modules/crm/opportunity/opportunity.controller.ts
POST,/adminapi/campaignOpportunityViewer/update,OpportunityController,crm,/modules/crm/opportunity/opportunity.controller.ts
DELETE,/adminapi/campaignOpportunityViewer/delete,OpportunityController,crm,/modules/crm/opportunity/opportunity.controller.ts
GET,/adminapi/opportunityContact/detail,OpportunityController,crm,/modules/crm/opportunity/opportunity.controller.ts
POST,/adminapi/opportunityContact/update,OpportunityController,crm,/modules/crm/opportunity/opportunity.controller.ts
GET,/adminapi/campaignOpportunity/statisticApproach,OpportunityController,crm,/modules/crm/opportunity/opportunity.controller.ts
GET,/adminapi/campaignOpportunity/statisticSale,OpportunityController,crm,/modules/crm/opportunity/opportunity.controller.ts
GET,/adminapi/campaignOpportunity/total/dashboard,OpportunityController,crm,/modules/crm/opportunity/opportunity.controller.ts
GET,/adminapi/businessPartner/list_paid,BusinessPartnerController,crm,/modules/crm/business-partner/business-partner.controller.ts
GET,/adminapi/businessPartner/get,BusinessPartnerController,crm,/modules/crm/business-partner/business-partner.controller.ts
GET,/adminapi/businessPartner/get/phone,BusinessPartnerController,crm,/modules/crm/business-partner/business-partner.controller.ts
GET,/adminapi/businessPartner/get/email,BusinessPartnerController,crm,/modules/crm/business-partner/business-partner.controller.ts
POST,/adminapi/businessPartner/update,BusinessPartnerController,crm,/modules/crm/business-partner/business-partner.controller.ts
DELETE,/adminapi/businessPartner/delete,BusinessPartnerController,crm,/modules/crm/business-partner/business-partner.controller.ts
GET,/adminapi/businessPartner/listFilter,BusinessPartnerController,crm,/modules/crm/business-partner/business-partner.controller.ts
GET,/adminapi/businessPartner/export/attributes,BusinessPartnerController,crm,/modules/crm/business-partner/business-partner.controller.ts
POST,/adminapi/businessPartner/export/randomBusinessPartners,BusinessPartnerController,crm,/modules/crm/business-partner/business-partner.controller.ts
GET,/adminapi/businessPartner/import,BusinessPartnerController,crm,/modules/crm/business-partner/business-partner.controller.ts
POST,/adminapi/businessPartner/import/autoProcess,BusinessPartnerController,crm,/modules/crm/business-partner/business-partner.controller.ts
GET,/adminapi/businessPartnerAttribute/list,BusinessPartnerController,crm,/modules/crm/business-partner/business-partner.controller.ts
GET,/adminapi/businessPartnerAttribute/listAll,BusinessPartnerController,crm,/modules/crm/business-partner/business-partner.controller.ts
POST,/adminapi/businessPartnerAttribute/update,BusinessPartnerController,crm,/modules/crm/business-partner/business-partner.controller.ts
DELETE,/adminapi/businessPartnerAttribute/delete,BusinessPartnerController,crm,/modules/crm/business-partner/business-partner.controller.ts
GET,/adminapi/businessPartnerAttribute/checkDuplicated,BusinessPartnerController,crm,/modules/crm/business-partner/business-partner.controller.ts
GET,/adminapi/businessPartner/attributes,BusinessPartnerController,crm,/modules/crm/business-partner/business-partner.controller.ts
GET,/adminapi/businessPartnerExchange/list,BusinessPartnerController,crm,/modules/crm/business-partner/business-partner.controller.ts
POST,/adminapi/businessPartnerExchange/update,BusinessPartnerController,crm,/modules/crm/business-partner/business-partner.controller.ts
DELETE,/adminapi/businessPartnerExchange/delete,BusinessPartnerController,crm,/modules/crm/business-partner/business-partner.controller.ts
GET,/adminapi/businessPartnerExtraInfo/list,BusinessPartnerController,crm,/modules/crm/business-partner/business-partner.controller.ts
GET,/adminapi/crmCareHistory/list,CareHistoryController,crm,/modules/crm/care-history/care-history.controller.ts
POST,/adminapi/crmCareHistory/update,CareHistoryController,crm,/modules/crm/care-history/care-history.controller.ts
DELETE,/adminapi/crmCareHistory/delete,CareHistoryController,crm,/modules/crm/care-history/care-history.controller.ts
GET,/adminapi/crmCampaign/list,CareHistoryController,crm,/modules/crm/care-history/care-history.controller.ts
POST,/adminapi/crmCampaign/update,CareHistoryController,crm,/modules/crm/care-history/care-history.controller.ts
DELETE,/adminapi/crmCampaign/delete,CareHistoryController,crm,/modules/crm/care-history/care-history.controller.ts
GET,/adminapi/contract/list,ContractController,crm,/modules/crm/contract/contract.controller.ts
GET,/adminapi/contract,ContractController,crm,/modules/crm/contract/contract.controller.ts
GET,/adminapi/contract/get,ContractController,crm,/modules/crm/contract/contract.controller.ts
POST,/adminapi/contract/update,ContractController,crm,/modules/crm/contract/contract.controller.ts
POST,/adminapi/contract/update/status,ContractController,crm,/modules/crm/contract/contract.controller.ts
DELETE,/adminapi/contract/delete,ContractController,crm,/modules/crm/contract/contract.controller.ts
GET,/adminapi/contract/alert/get,ContractController,crm,/modules/crm/contract/contract.controller.ts
POST,/adminapi/contract/update/alert,ContractController,crm,/modules/crm/contract/contract.controller.ts
GET,/adminapi/contract/dashboard/byStatus,ContractController,crm,/modules/crm/contract/contract.controller.ts
GET,/adminapi/contract/dashboard/byStatusV2,ContractController,crm,/modules/crm/contract/contract.controller.ts
GET,/adminapi/contract/dashboard/pipeline,ContractController,crm,/modules/crm/contract/contract.controller.ts
GET,/adminapi/contract/dashboard/pipeline/detail,ContractController,crm,/modules/crm/contract/contract.controller.ts
GET,/adminapi/contract/dashboard/notInTime/pipeline,ContractController,crm,/modules/crm/contract/contract.controller.ts
GET,/adminapi/contract/dashboard/notInTime/pipeline/detail,ContractController,crm,/modules/crm/contract/contract.controller.ts
GET,/adminapi/contract/dashboard/newByTime,ContractController,crm,/modules/crm/contract/contract.controller.ts
GET,/adminapi/contract/dashboard/newByTimeV2,ContractController,crm,/modules/crm/contract/contract.controller.ts
GET,/adminapi/contract/dashboard/dealValueByCustomer,ContractController,crm,/modules/crm/contract/contract.controller.ts
GET,/adminapi/contract/revenue/dashboard,ContractController,crm,/modules/crm/contract/contract.controller.ts
GET,/adminapi/contract/revenue/dashboard/detail,ContractController,crm,/modules/crm/contract/contract.controller.ts
GET,/adminapi/contract/total/dashboard,ContractController,crm,/modules/crm/contract/contract.controller.ts
GET,/adminapi/contract/report,ContractController,crm,/modules/crm/contract/contract.controller.ts
GET,/adminapi/contract/report/detail,ContractController,crm,/modules/crm/contract/contract.controller.ts
GET,/adminapi/contract/export/attributes,ContractController,crm,/modules/crm/contract/contract.controller.ts
POST,/adminapi/contract/export/randomContracts,ContractController,crm,/modules/crm/contract/contract.controller.ts
GET,/adminapi/contract/import,ContractController,crm,/modules/crm/contract/contract.controller.ts
POST,/adminapi/contract/import/autoProcess,ContractController,crm,/modules/crm/contract/contract.controller.ts
GET,/adminapi/contract/logValues,ContractController,crm,/modules/crm/contract/contract.controller.ts
GET,/adminapi/contract/placeholder,ContractController,crm,/modules/crm/contract/contract.controller.ts
GET,/adminapi/contract/products/select,ContractController,crm,/modules/crm/contract/contract.controller.ts
GET,/adminapi/contract/suppliers/select,ContractController,crm,/modules/crm/contract/contract.controller.ts
GET,/adminapi/contractPipeline/list,ContractController,crm,/modules/crm/contract/contract.controller.ts
POST,/adminapi/contractPipeline/update,ContractController,crm,/modules/crm/contract/contract.controller.ts
DELETE,/adminapi/contractPipeline/delete,ContractController,crm,/modules/crm/contract/contract.controller.ts
GET,/adminapi/contractStage/list,ContractController,crm,/modules/crm/contract/contract.controller.ts
POST,/adminapi/contractStage/update,ContractController,crm,/modules/crm/contract/contract.controller.ts
DELETE,/adminapi/contractStage/delete,ContractController,crm,/modules/crm/contract/contract.controller.ts
GET,/adminapi/contractActivity/list,ContractController,crm,/modules/crm/contract/contract.controller.ts
POST,/adminapi/contractActivity/update,ContractController,crm,/modules/crm/contract/contract.controller.ts
DELETE,/adminapi/contractActivity/delete,ContractController,crm,/modules/crm/contract/contract.controller.ts
GET,/adminapi/contractAppendix/list,ContractController,crm,/modules/crm/contract/contract.controller.ts
GET,/adminapi/contractAppendix/get,ContractController,crm,/modules/crm/contract/contract.controller.ts
POST,/adminapi/contractAppendix/update,ContractController,crm,/modules/crm/contract/contract.controller.ts
DELETE,/adminapi/contractAppendix/delete,ContractController,crm,/modules/crm/contract/contract.controller.ts
GET,/adminapi/contractPayment/list,ContractController,crm,/modules/crm/contract/contract.controller.ts
POST,/adminapi/contractPayment/update,ContractController,crm,/modules/crm/contract/contract.controller.ts
DELETE,/adminapi/contractPayment/delete,ContractController,crm,/modules/crm/contract/contract.controller.ts
GET,/adminapi/contractExchange/list,ContractController,crm,/modules/crm/contract/contract.controller.ts
POST,/adminapi/contractExchange/update,ContractController,crm,/modules/crm/contract/contract.controller.ts
DELETE,/adminapi/contractExchange/delete,ContractController,crm,/modules/crm/contract/contract.controller.ts
GET,/adminapi/contractAlert/list,ContractController,crm,/modules/crm/contract/contract.controller.ts
POST,/adminapi/contractAlert/update,ContractController,crm,/modules/crm/contract/contract.controller.ts
GET,/adminapi/contractApproach/list,ContractController,crm,/modules/crm/contract/contract.controller.ts
GET,/adminapi/contractApproach/get,ContractController,crm,/modules/crm/contract/contract.controller.ts
POST,/adminapi/contractApproach/update,ContractController,crm,/modules/crm/contract/contract.controller.ts
DELETE,/adminapi/contractApproach/delete,ContractController,crm,/modules/crm/contract/contract.controller.ts
POST,/adminapi/contract/update/approach,ContractController,crm,/modules/crm/contract/contract.controller.ts
GET,/adminapi/contact/list,ContactController,crm,/modules/crm/contact/contact.controller.ts
GET,/adminapi/contact/get,ContactController,crm,/modules/crm/contact/contact.controller.ts
POST,/adminapi/contact/update,ContactController,crm,/modules/crm/contact/contact.controller.ts
DELETE,/adminapi/contact/delete,ContactController,crm,/modules/crm/contact/contact.controller.ts
GET,/adminapi/contactAttribute/listFilter,ContactController,crm,/modules/crm/contact/contact.controller.ts
GET,/adminapi/contactExchange/list,ContactController,crm,/modules/crm/contact/contact.controller.ts
POST,/adminapi/contactExchange/update,ContactController,crm,/modules/crm/contact/contact.controller.ts
DELETE,/adminapi/contactExchange/delete,ContactController,crm,/modules/crm/contact/contact.controller.ts
GET,/adminapi/contactPipeline/list,ContactController,crm,/modules/crm/contact/contact.controller.ts
POST,/adminapi/contactPipeline/update,ContactController,crm,/modules/crm/contact/contact.controller.ts
DELETE,/adminapi/contactPipeline/delete,ContactController,crm,/modules/crm/contact/contact.controller.ts
GET,/adminapi/contactStatus/list,ContactController,crm,/modules/crm/contact/contact.controller.ts
POST,/adminapi/contactStatus/update,ContactController,crm,/modules/crm/contact/contact.controller.ts
DELETE,/adminapi/contactStatus/delete,ContactController,crm,/modules/crm/contact/contact.controller.ts
GET,/adminapi/contactAttribute/list,ContactController,crm,/modules/crm/contact/contact.controller.ts
GET,/adminapi/contactAttribute/listAll,ContactController,crm,/modules/crm/contact/contact.controller.ts
POST,/adminapi/contactAttribute/update,ContactController,crm,/modules/crm/contact/contact.controller.ts
DELETE,/adminapi/contactAttribute/delete,ContactController,crm,/modules/crm/contact/contact.controller.ts
GET,/adminapi/contactExtraInfo/list,ContactController,crm,/modules/crm/contact/contact.controller.ts
GET,/adminapi/schedule/list,ScheduleController,crm,/modules/crm/schedule/schedule.controller.ts
GET,/adminapi/schedule/get,ScheduleController,crm,/modules/crm/schedule/schedule.controller.ts
POST,/adminapi/schedule/update,ScheduleController,crm,/modules/crm/schedule/schedule.controller.ts
DELETE,/adminapi/schedule/delete,ScheduleController,crm,/modules/crm/schedule/schedule.controller.ts
POST,/adminapi/schedule/cancel,ScheduleController,crm,/modules/crm/schedule/schedule.controller.ts
GET,/adminapi/scheduleConsultant/list,ScheduleController,crm,/modules/crm/schedule/schedule.controller.ts
POST,/adminapi/scheduleConsultant/update,ScheduleController,crm,/modules/crm/schedule/schedule.controller.ts
DELETE,/adminapi/scheduleConsultant/delete,ScheduleController,crm,/modules/crm/schedule/schedule.controller.ts
GET,/adminapi/treatmentRoom/list,ScheduleController,crm,/modules/crm/schedule/schedule.controller.ts
POST,/adminapi/treatmentRoom/update,ScheduleController,crm,/modules/crm/schedule/schedule.controller.ts
DELETE,/adminapi/treatmentRoom/delete,ScheduleController,crm,/modules/crm/schedule/schedule.controller.ts
GET,/adminapi/treatmentHistory/list,ScheduleController,crm,/modules/crm/schedule/schedule.controller.ts
POST,/adminapi/treatmentHistory/update,ScheduleController,crm,/modules/crm/schedule/schedule.controller.ts
DELETE,/adminapi/treatmentHistory/delete,ScheduleController,crm,/modules/crm/schedule/schedule.controller.ts
GET,/adminapi/scheduleTreatment/list,ScheduleController,crm,/modules/crm/schedule/schedule.controller.ts
POST,/adminapi/scheduleTreatment/update,ScheduleController,crm,/modules/crm/schedule/schedule.controller.ts
DELETE,/adminapi/scheduleTreatment/delete,ScheduleController,crm,/modules/crm/schedule/schedule.controller.ts
GET,/adminapi/contractWarranty/list,ContractWarrantyController,crm,/modules/crm/contract-warranty/contract-warranty.controller.ts
GET,/adminapi/contractWarranty/get,ContractWarrantyController,crm,/modules/crm/contract-warranty/contract-warranty.controller.ts
POST,/adminapi/contractWarranty/update,ContractWarrantyController,crm,/modules/crm/contract-warranty/contract-warranty.controller.ts
DELETE,/adminapi/contractWarranty/delete,ContractWarrantyController,crm,/modules/crm/contract-warranty/contract-warranty.controller.ts
GET,/adminapi/contractWarranty/statistical,ContractWarrantyController,crm,/modules/crm/contract-warranty/contract-warranty.controller.ts
GET,/adminapi/contractWarranty/placeholder,ContractWarrantyController,crm,/modules/crm/contract-warranty/contract-warranty.controller.ts
GET,/adminapi/contractWarranty/export/attributes,ContractWarrantyController,crm,/modules/crm/contract-warranty/contract-warranty.controller.ts
POST,/adminapi/contractWarranty/export/randomContractWarranty,ContractWarrantyController,crm,/modules/crm/contract-warranty/contract-warranty.controller.ts
POST,/adminapi/contractWarranty/export/randomWarranty,ContractWarrantyController,crm,/modules/crm/contract-warranty/contract-warranty.controller.ts
GET,/adminapi/contractWarranty/import,ContractWarrantyController,crm,/modules/crm/contract-warranty/contract-warranty.controller.ts
POST,/adminapi/contractWarranty/import/autoProcess,ContractWarrantyController,crm,/modules/crm/contract-warranty/contract-warranty.controller.ts
GET,/adminapi/guaranteeType/list,GuaranteeController,crm,/modules/crm/guarantee/guarantee.controller.ts
POST,/adminapi/guaranteeType/update,GuaranteeController,crm,/modules/crm/guarantee/guarantee.controller.ts
DELETE,/adminapi/guaranteeType/delete,GuaranteeController,crm,/modules/crm/guarantee/guarantee.controller.ts
GET,/adminapi/guarantee/list,GuaranteeController,crm,/modules/crm/guarantee/guarantee.controller.ts
GET,/adminapi/guarantee/get,GuaranteeController,crm,/modules/crm/guarantee/guarantee.controller.ts
POST,/adminapi/guarantee/update,GuaranteeController,crm,/modules/crm/guarantee/guarantee.controller.ts
DELETE,/adminapi/guarantee/delete,GuaranteeController,crm,/modules/crm/guarantee/guarantee.controller.ts
GET,/adminapi/guaranteeAlert/list,GuaranteeController,crm,/modules/crm/guarantee/guarantee.controller.ts
POST,/adminapi/guaranteeAlert/update,GuaranteeController,crm,/modules/crm/guarantee/guarantee.controller.ts
GET,/adminapi/guaranteeAttachment/list,GuaranteeController,crm,/modules/crm/guarantee/guarantee.controller.ts
POST,/adminapi/guaranteeAttachment/update,GuaranteeController,crm,/modules/crm/guarantee/guarantee.controller.ts
DELETE,/adminapi/guaranteeAttachment/delete,GuaranteeController,crm,/modules/crm/guarantee/guarantee.controller.ts
GET,/adminapi/guaranteeAttribute/list,GuaranteeController,crm,/modules/crm/guarantee/guarantee.controller.ts
POST,/adminapi/guaranteeAttribute/update,GuaranteeController,crm,/modules/crm/guarantee/guarantee.controller.ts
DELETE,/adminapi/guaranteeAttribute/delete,GuaranteeController,crm,/modules/crm/guarantee/guarantee.controller.ts
GET,/adminapi/guaranteeExtraInfo/list,GuaranteeController,crm,/modules/crm/guarantee/guarantee.controller.ts
GET,/adminapi/ma/list,MarketingAutomationController,crm,/modules/crm/marketing-automation/marketing-automation.controller.ts
GET,/adminapi/ma/get,MarketingAutomationController,crm,/modules/crm/marketing-automation/marketing-automation.controller.ts
POST,/adminapi/ma/update,MarketingAutomationController,crm,/modules/crm/marketing-automation/marketing-automation.controller.ts
DELETE,/adminapi/ma/delete,MarketingAutomationController,crm,/modules/crm/marketing-automation/marketing-automation.controller.ts
POST,/adminapi/maCustomer/insertList,MarketingAutomationController,crm,/modules/crm/marketing-automation/marketing-automation.controller.ts
GET,/adminapi/ma/dashboard/customer/byStatus,MarketingAutomationController,crm,/modules/crm/marketing-automation/marketing-automation.controller.ts
GET,/adminapi/campaign/list,CampaignController,crm,/modules/crm/campaign/campaign.controller.ts
GET,/adminapi/campaign/list/view_sale,CampaignController,crm,/modules/crm/campaign/campaign.controller.ts
GET,/adminapi/campaign/get,CampaignController,crm,/modules/crm/campaign/campaign.controller.ts
POST,/adminapi/campaign/update,CampaignController,crm,/modules/crm/campaign/campaign.controller.ts
POST,/adminapi/campaign/update/status,CampaignController,crm,/modules/crm/campaign/campaign.controller.ts
DELETE,/adminapi/campaign/delete,CampaignController,crm,/modules/crm/campaign/campaign.controller.ts
POST,/adminapi/campaign/sla-config,CampaignController,crm,/modules/crm/campaign/campaign.controller.ts
GET,/adminapi/campaignSale/list,CampaignController,crm,/modules/crm/campaign/campaign.controller.ts
GET,/adminapi/campaignApproach/list,CampaignController,crm,/modules/crm/campaign/campaign.controller.ts
GET,/adminapi/campaignApproach/get,CampaignController,crm,/modules/crm/campaign/campaign.controller.ts
POST,/adminapi/campaignApproach/update,CampaignController,crm,/modules/crm/campaign/campaign.controller.ts
DELETE,/adminapi/campaignApproach/delete,CampaignController,crm,/modules/crm/campaign/campaign.controller.ts
GET,/adminapi/campaignActivity/list,CampaignController,crm,/modules/crm/campaign/campaign.controller.ts
POST,/adminapi/campaignActivity/update,CampaignController,crm,/modules/crm/campaign/campaign.controller.ts
DELETE,/adminapi/campaignActivity/delete,CampaignController,crm,/modules/crm/campaign/campaign.controller.ts
GET,/adminapi/marketingSource/list,CampaignController,crm,/modules/crm/campaign/campaign.controller.ts
POST,/adminapi/marketingSource/update,CampaignController,crm,/modules/crm/campaign/campaign.controller.ts
DELETE,/adminapi/marketingSource/delete,CampaignController,crm,/modules/crm/campaign/campaign.controller.ts
GET,/adminapi/saleflow/list,SaleflowController,crm,/modules/crm/saleflow/saleflow.controller.ts
GET,/adminapi/saleflow/get,SaleflowController,crm,/modules/crm/saleflow/saleflow.controller.ts
POST,/adminapi/saleflow/update,SaleflowController,crm,/modules/crm/saleflow/saleflow.controller.ts
DELETE,/adminapi/saleflow/delete,SaleflowController,crm,/modules/crm/saleflow/saleflow.controller.ts
POST,/adminapi/saleflowActivity/update,SaleflowController,crm,/modules/crm/saleflow/saleflow.controller.ts
DELETE,/adminapi/saleflowActivity/delete,SaleflowController,crm,/modules/crm/saleflow/saleflow.controller.ts
POST,/adminapi/saleflowApproach/update,SaleflowController,crm,/modules/crm/saleflow/saleflow.controller.ts
DELETE,/adminapi/saleflowApproach/delete,SaleflowController,crm,/modules/crm/saleflow/saleflow.controller.ts
POST,/adminapi/saleflowExchange/update,SaleflowController,crm,/modules/crm/saleflow/saleflow.controller.ts
DELETE,/adminapi/saleflowExchange/delete,SaleflowController,crm,/modules/crm/saleflow/saleflow.controller.ts
GET,/adminapi/saleflowSale/list,SaleflowController,crm,/modules/crm/saleflow/saleflow.controller.ts
GET,/adminapi/saleflowInvoice/list,SaleflowController,crm,/modules/crm/saleflow/saleflow.controller.ts
POST,/adminapi/saleflowInvoice/update,SaleflowController,crm,/modules/crm/saleflow/saleflow.controller.ts
POST,/adminapi/saleflowEform/update,SaleflowController,crm,/modules/crm/saleflow/saleflow.controller.ts
GET,/adminapi/kpiTemplate/list,KpiController,crm,/modules/crm/kpi/kpi.controller.ts
POST,/adminapi/kpiTemplate/update,KpiController,crm,/modules/crm/kpi/kpi.controller.ts
DELETE,/adminapi/kpiTemplate/delete,KpiController,crm,/modules/crm/kpi/kpi.controller.ts
POST,/adminapi/kpiTemplateGoal/update,KpiController,crm,/modules/crm/kpi/kpi.controller.ts
DELETE,/adminapi/kpiTemplateGoal/delete,KpiController,crm,/modules/crm/kpi/kpi.controller.ts
GET,/adminapi/kpiSetup/list,KpiController,crm,/modules/crm/kpi/kpi.controller.ts
POST,/adminapi/kpiSetup/update,KpiController,crm,/modules/crm/kpi/kpi.controller.ts
DELETE,/adminapi/kpiSetup/delete,KpiController,crm,/modules/crm/kpi/kpi.controller.ts
POST,/adminapi/kpiSetupObject/update,KpiController,crm,/modules/crm/kpi/kpi.controller.ts
DELETE,/adminapi/kpiSetupObject/delete,KpiController,crm,/modules/crm/kpi/kpi.controller.ts
POST,/adminapi/kpiGoal/update,KpiController,crm,/modules/crm/kpi/kpi.controller.ts
DELETE,/adminapi/kpiGoal/delete,KpiController,crm,/modules/crm/kpi/kpi.controller.ts
GET,/adminapi/kpiDatasource/list,KpiController,crm,/modules/crm/kpi/kpi.controller.ts
GET,/adminapi/kpiObject/list,KpiController,crm,/modules/crm/kpi/kpi.controller.ts
POST,/adminapi/kpiObject/update,KpiController,crm,/modules/crm/kpi/kpi.controller.ts
DELETE,/adminapi/kpiObject/delete,KpiController,crm,/modules/crm/kpi/kpi.controller.ts
GET,/adminapi/kpiExchange/list,KpiController,crm,/modules/crm/kpi/kpi.controller.ts
POST,/adminapi/kpiApply/apply,KpiController,crm,/modules/crm/kpi/kpi.controller.ts
GET,/adminapi/cxmSurvey/list,SurveyController,crm,/modules/crm/survey/survey.controller.ts
POST,/adminapi/cxmSurvey/update,SurveyController,crm,/modules/crm/survey/survey.controller.ts
DELETE,/adminapi/cxmSurvey/delete,SurveyController,crm,/modules/crm/survey/survey.controller.ts
POST,/adminapi/cxmQuestion/update,SurveyController,crm,/modules/crm/survey/survey.controller.ts
DELETE,/adminapi/cxmQuestion/delete,SurveyController,crm,/modules/crm/survey/survey.controller.ts
POST,/adminapi/cxmOption/update,SurveyController,crm,/modules/crm/survey/survey.controller.ts
DELETE,/adminapi/cxmOption/delete,SurveyController,crm,/modules/crm/survey/survey.controller.ts
GET,/adminapi/invoice/list,InvoiceController,crm,/modules/crm/invoice/invoice.controller.ts
GET,/adminapi/invoice/get,InvoiceController,crm,/modules/crm/invoice/invoice.controller.ts
POST,/adminapi/invoice/update,InvoiceController,crm,/modules/crm/invoice/invoice.controller.ts
DELETE,/adminapi/invoice/delete,InvoiceController,crm,/modules/crm/invoice/invoice.controller.ts
POST,/adminapi/invoiceDetail/update,InvoiceController,crm,/modules/crm/invoice/invoice.controller.ts
DELETE,/adminapi/invoiceDetail/delete,InvoiceController,crm,/modules/crm/invoice/invoice.controller.ts
GET,/bpmapi/bpmForm/list,BpmFormController,bpm,/modules/bpm/form/bpm-form.controller.ts
POST,/bpmapi/bpmForm/update,BpmFormController,bpm,/modules/bpm/form/bpm-form.controller.ts
DELETE,/bpmapi/bpmForm/delete,BpmFormController,bpm,/modules/bpm/form/bpm-form.controller.ts
GET,/bpmapi/bpmFormArtifact/list,BpmFormController,bpm,/modules/bpm/form/bpm-form.controller.ts
GET,/bpmapi/bpmFormArtifact/get,BpmFormController,bpm,/modules/bpm/form/bpm-form.controller.ts
POST,/bpmapi/bpmFormArtifact/update,BpmFormController,bpm,/modules/bpm/form/bpm-form.controller.ts
POST,/bpmapi/bpmFormArtifact/update/position,BpmFormController,bpm,/modules/bpm/form/bpm-form.controller.ts
POST,/bpmapi/bpmFormArtifact/update/config,BpmFormController,bpm,/modules/bpm/form/bpm-form.controller.ts
POST,/bpmapi/bpmFormArtifact/update/eform,BpmFormController,bpm,/modules/bpm/form/bpm-form.controller.ts
DELETE,/bpmapi/bpmFormArtifact/delete,BpmFormController,bpm,/modules/bpm/form/bpm-form.controller.ts
GET,/bpmapi/formMapping/list,BpmFormController,bpm,/modules/bpm/form/bpm-form.controller.ts
GET,/bpmapi/formMapping/list/source,BpmFormController,bpm,/modules/bpm/form/bpm-form.controller.ts
GET,/bpmapi/formMapping/list/target,BpmFormController,bpm,/modules/bpm/form/bpm-form.controller.ts
GET,/bpmapi/formMapping/get,BpmFormController,bpm,/modules/bpm/form/bpm-form.controller.ts
POST,/bpmapi/formMapping/update,BpmFormController,bpm,/modules/bpm/form/bpm-form.controller.ts
DELETE,/bpmapi/formMapping/delete,BpmFormController,bpm,/modules/bpm/form/bpm-form.controller.ts
GET,/bpmapi/bpmFormProcess/list,BpmFormController,bpm,/modules/bpm/form/bpm-form.controller.ts
GET,/bpmapi/bpmFormProcess/get,BpmFormController,bpm,/modules/bpm/form/bpm-form.controller.ts
POST,/bpmapi/bpmFormProcess/update,BpmFormController,bpm,/modules/bpm/form/bpm-form.controller.ts
DELETE,/bpmapi/bpmFormProcess/delete,BpmFormController,bpm,/modules/bpm/form/bpm-form.controller.ts
GET,/bpmapi/bpm/list/eform,BpmFormController,bpm,/modules/bpm/form/bpm-form.controller.ts
GET,/bpmapi/approvedObjectLog/list,ApprovedObjectController,bpm,/modules/bpm/approved-object/approved-object.controller.ts
GET,/bpmapi/workOrder/list,BpmWorkOrderController,bpm,/modules/bpm/work-order/bpm-work-order.controller.ts
GET,/bpmapi/workOrder/get,BpmWorkOrderController,bpm,/modules/bpm/work-order/bpm-work-order.controller.ts
POST,/bpmapi/workOrder/create,BpmWorkOrderController,bpm,/modules/bpm/work-order/bpm-work-order.controller.ts
POST,/bpmapi/workOrder/update,BpmWorkOrderController,bpm,/modules/bpm/work-order/bpm-work-order.controller.ts
DELETE,/bpmapi/workOrder/delete,BpmWorkOrderController,bpm,/modules/bpm/work-order/bpm-work-order.controller.ts
POST,/bpmapi/workOrder/exchange/add,BpmWorkOrderController,bpm,/modules/bpm/work-order/bpm-work-order.controller.ts
DELETE,/bpmapi/workOrder/exchange/delete,BpmWorkOrderController,bpm,/modules/bpm/work-order/bpm-work-order.controller.ts
GET,/bpmapi/businessRule/list,BusinessRuleController,bpm,/modules/bpm/business-rule/business-rule.controller.ts
GET,/bpmapi/businessRule/detail,BusinessRuleController,bpm,/modules/bpm/business-rule/business-rule.controller.ts
POST,/bpmapi/businessRule/update,BusinessRuleController,bpm,/modules/bpm/business-rule/business-rule.controller.ts
POST,/bpmapi/businessRule/updateActive,BusinessRuleController,bpm,/modules/bpm/business-rule/business-rule.controller.ts
DELETE,/bpmapi/businessRule/delete,BusinessRuleController,bpm,/modules/bpm/business-rule/business-rule.controller.ts
GET,/bpmapi/businessRuleItem/list,BusinessRuleController,bpm,/modules/bpm/business-rule/business-rule.controller.ts
POST,/bpmapi/businessRuleItem/update,BusinessRuleController,bpm,/modules/bpm/business-rule/business-rule.controller.ts
POST,/bpmapi/businessRuleItem/updateActive,BusinessRuleController,bpm,/modules/bpm/business-rule/business-rule.controller.ts
DELETE,/bpmapi/businessRuleItem/delete,BusinessRuleController,bpm,/modules/bpm/business-rule/business-rule.controller.ts
GET,/bpmapi/bpmParticipant/list,BpmParticipantController,bpm,/modules/bpm/participant/bpm-participant.controller.ts
GET,/bpmapi/bpmParticipant/get,BpmParticipantController,bpm,/modules/bpm/participant/bpm-participant.controller.ts
POST,/bpmapi/bpmParticipant/update,BpmParticipantController,bpm,/modules/bpm/participant/bpm-participant.controller.ts
DELETE,/bpmapi/bpmParticipant/delete,BpmParticipantController,bpm,/modules/bpm/participant/bpm-participant.controller.ts
GET,/bpmapi/process/list,BpmTemplateController,bpm,/modules/bpm/template/bpm-template.controller.ts
GET,/bpmapi/process/get,BpmTemplateController,bpm,/modules/bpm/template/bpm-template.controller.ts
POST,/bpmapi/process/create,BpmTemplateController,bpm,/modules/bpm/template/bpm-template.controller.ts
POST,/bpmapi/process/update,BpmTemplateController,bpm,/modules/bpm/template/bpm-template.controller.ts
POST,/bpmapi/process/graph,BpmTemplateController,bpm,/modules/bpm/template/bpm-template.controller.ts
POST,/bpmapi/process/publish,BpmTemplateController,bpm,/modules/bpm/template/bpm-template.controller.ts
DELETE,/bpmapi/process/delete,BpmTemplateController,bpm,/modules/bpm/template/bpm-template.controller.ts
GET,/bpmapi/decisionTable/list,DecisionTableController,bpm,/modules/bpm/decision-table/decision-table.controller.ts
GET,/bpmapi/decisionTable/detail,DecisionTableController,bpm,/modules/bpm/decision-table/decision-table.controller.ts
POST,/bpmapi/decisionTable/update,DecisionTableController,bpm,/modules/bpm/decision-table/decision-table.controller.ts
DELETE,/bpmapi/decisionTable/delete,DecisionTableController,bpm,/modules/bpm/decision-table/decision-table.controller.ts
POST,/bpmapi/decisionTable/updateActive,DecisionTableController,bpm,/modules/bpm/decision-table/decision-table.controller.ts
POST,/bpmapi/decisionTableInput/update,DecisionTableController,bpm,/modules/bpm/decision-table/decision-table.controller.ts
DELETE,/bpmapi/decisionTableInput/delete,DecisionTableController,bpm,/modules/bpm/decision-table/decision-table.controller.ts
POST,/bpmapi/decisionTableInput/updateActive,DecisionTableController,bpm,/modules/bpm/decision-table/decision-table.controller.ts
POST,/bpmapi/decisionTableOutput/update,DecisionTableController,bpm,/modules/bpm/decision-table/decision-table.controller.ts
DELETE,/bpmapi/decisionTableOutput/delete,DecisionTableController,bpm,/modules/bpm/decision-table/decision-table.controller.ts
POST,/bpmapi/decisionTableOutput/updateActive,DecisionTableController,bpm,/modules/bpm/decision-table/decision-table.controller.ts
GET,/bpmapi/instance/list,BpmInstanceController,bpm,/modules/bpm/instance/bpm-instance.controller.ts
GET,/bpmapi/instance/get,BpmInstanceController,bpm,/modules/bpm/instance/bpm-instance.controller.ts
POST,/bpmapi/instance/start,BpmInstanceController,bpm,/modules/bpm/instance/bpm-instance.controller.ts
POST,/bpmapi/task/claim,BpmInstanceController,bpm,/modules/bpm/instance/bpm-instance.controller.ts
POST,/bpmapi/task/complete,BpmInstanceController,bpm,/modules/bpm/instance/bpm-instance.controller.ts
GET,/bpmapi/instance/history,BpmInstanceController,bpm,/modules/bpm/instance/bpm-instance.controller.ts
GET,/bpmapi/instance/kanban,BpmInstanceController,bpm,/modules/bpm/instance/bpm-instance.controller.ts
GET,/bpmapi/task/my,BpmInstanceController,bpm,/modules/bpm/instance/bpm-instance.controller.ts
POST,/bpmapi/kafka/activateProcess,BpmInstanceController,bpm,/modules/bpm/instance/bpm-instance.controller.ts
POST,/bpmapi/kafka/activate/receiveTask,BpmInstanceController,bpm,/modules/bpm/instance/bpm-instance.controller.ts
GET,/bpmapi/eformMapping/list/source,EformMappingController,bpm,/modules/bpm/eform-mapping/eform-mapping.controller.ts
GET,/bpmapi/eformMapping/get,EformMappingController,bpm,/modules/bpm/eform-mapping/eform-mapping.controller.ts
POST,/bpmapi/eformMapping/update,EformMappingController,bpm,/modules/bpm/eform-mapping/eform-mapping.controller.ts
DELETE,/bpmapi/eformMapping/delete,EformMappingController,bpm,/modules/bpm/eform-mapping/eform-mapping.controller.ts
GET,/bpmapi/approvalDefinition/list,BpmApprovalController,bpm,/modules/bpm/approval/bpm-approval.controller.ts
POST,/bpmapi/approvalDefinition/update,BpmApprovalController,bpm,/modules/bpm/approval/bpm-approval.controller.ts
DELETE,/bpmapi/approvalDefinition/delete,BpmApprovalController,bpm,/modules/bpm/approval/bpm-approval.controller.ts
GET,/bpmapi/approval/list,BpmApprovalController,bpm,/modules/bpm/approval/bpm-approval.controller.ts
POST,/bpmapi/approval/approve,BpmApprovalController,bpm,/modules/bpm/approval/bpm-approval.controller.ts
POST,/bpmapi/approval/reject,BpmApprovalController,bpm,/modules/bpm/approval/bpm-approval.controller.ts
GET,/adminapi/approval/list,ApprovalAdminController,bpm,/modules/bpm/approval-admin/approval-admin.controller.ts
POST,/adminapi/approval/update,ApprovalAdminController,bpm,/modules/bpm/approval-admin/approval-admin.controller.ts
DELETE,/adminapi/approval/delete,ApprovalAdminController,bpm,/modules/bpm/approval-admin/approval-admin.controller.ts
POST,/adminapi/approval/update/status,ApprovalAdminController,bpm,/modules/bpm/approval-admin/approval-admin.controller.ts
POST,/adminapi/approval/update/alertConfig,ApprovalAdminController,bpm,/modules/bpm/approval-admin/approval-admin.controller.ts
GET,/adminapi/approvalConfig/list,ApprovalAdminController,bpm,/modules/bpm/approval-admin/approval-admin.controller.ts
POST,/adminapi/approvalConfig/update,ApprovalAdminController,bpm,/modules/bpm/approval-admin/approval-admin.controller.ts
DELETE,/adminapi/approvalConfig/delete,ApprovalAdminController,bpm,/modules/bpm/approval-admin/approval-admin.controller.ts
GET,/adminapi/approvalLink/list,ApprovalAdminController,bpm,/modules/bpm/approval-admin/approval-admin.controller.ts
POST,/adminapi/approvalLink/update,ApprovalAdminController,bpm,/modules/bpm/approval-admin/approval-admin.controller.ts
DELETE,/adminapi/approvalLink/delete,ApprovalAdminController,bpm,/modules/bpm/approval-admin/approval-admin.controller.ts
GET,/adminapi/approvalObject/list,ApprovalAdminController,bpm,/modules/bpm/approval-admin/approval-admin.controller.ts
GET,/adminapi/approvalObject/get/object,ApprovalAdminController,bpm,/modules/bpm/approval-admin/approval-admin.controller.ts
GET,/adminapi/approvalObject/checkApproved,ApprovalAdminController,bpm,/modules/bpm/approval-admin/approval-admin.controller.ts
POST,/adminapi/approvalObject/update,ApprovalAdminController,bpm,/modules/bpm/approval-admin/approval-admin.controller.ts
DELETE,/adminapi/approvalObject/delete,ApprovalAdminController,bpm,/modules/bpm/approval-admin/approval-admin.controller.ts
GET,/adminapi/approvalLog/list,ApprovalAdminController,bpm,/modules/bpm/approval-admin/approval-admin.controller.ts
POST,/adminapi/approvalLog/update,ApprovalAdminController,bpm,/modules/bpm/approval-admin/approval-admin.controller.ts
DELETE,/adminapi/approvalLog/delete,ApprovalAdminController,bpm,/modules/bpm/approval-admin/approval-admin.controller.ts
GET,/adminapi/role/list,RoleController,identity-access,/modules/identity-access/role/role.controller.ts
GET,/adminapi/role/get,RoleController,identity-access,/modules/identity-access/role/role.controller.ts
POST,/adminapi/role/update,RoleController,identity-access,/modules/identity-access/role/role.controller.ts
DELETE,/adminapi/role/delete,RoleController,identity-access,/modules/identity-access/role/role.controller.ts
POST,/adminapi/roleEmployee/insert-batch,RoleController,identity-access,/modules/identity-access/role/role.controller.ts
GET,/adminapi/roleEmployee/list,RoleController,identity-access,/modules/identity-access/role/role.controller.ts
DELETE,/adminapi/roleEmployee/delete,RoleController,identity-access,/modules/identity-access/role/role.controller.ts
POST,/authenticator/user/login,AuthController,identity-access,/modules/identity-access/auth/auth.controller.ts
GET,/authenticator/user/me,AuthController,identity-access,/modules/identity-access/auth/auth.controller.ts
POST,/authenticator/user/refresh,AuthController,identity-access,/modules/identity-access/auth/auth.controller.ts
POST,/authenticator/user/change_pass,AuthController,identity-access,/modules/identity-access/auth/auth.controller.ts
POST,/authenticator/user/create,UserController,identity-access,/modules/identity-access/user/user.controller.ts
POST,/authenticator/user/admin_update,UserController,identity-access,/modules/identity-access/user/user.controller.ts
GET,/authenticator/user/list,UserController,identity-access,/modules/identity-access/user/user.controller.ts
GET,/authenticator/user/get,UserController,identity-access,/modules/identity-access/user/user.controller.ts
GET,/authenticator/user/basic_info,UserController,identity-access,/modules/identity-access/user/user.controller.ts
GET,/authenticator/user/select,UserController,identity-access,/modules/identity-access/user/user.controller.ts
DELETE,/authenticator/user/delete,UserController,identity-access,/modules/identity-access/user/user.controller.ts
POST,/authenticator/user/reset_pass,UserController,identity-access,/modules/identity-access/user/user.controller.ts
POST,/notification/fcmDevice/update,UserController,identity-access,/modules/identity-access/user/user.controller.ts
GET,/adminapi/permission/resource,PermissionController,identity-access,/modules/identity-access/permission/permission.controller.ts
GET,/adminapi/permission/info,PermissionController,identity-access,/modules/identity-access/permission/permission.controller.ts
POST,/adminapi/permission/add,PermissionController,identity-access,/modules/identity-access/permission/permission.controller.ts
DELETE,/adminapi/permission/remove,PermissionController,identity-access,/modules/identity-access/permission/permission.controller.ts
GET,/adminapi/ticket/list,TicketController,ticket,/modules/ticket/ticket.controller.ts
GET,/adminapi/ticket/get,TicketController,ticket,/modules/ticket/ticket.controller.ts
POST,/adminapi/ticket/update,TicketController,ticket,/modules/ticket/ticket.controller.ts
POST,/adminapi/ticket/update-and-init,TicketController,ticket,/modules/ticket/ticket.controller.ts
POST,/adminapi/ticket/send/jssdk,TicketController,ticket,/modules/ticket/ticket.controller.ts
POST,/adminapi/ticket/update/status,TicketController,ticket,/modules/ticket/ticket.controller.ts
DELETE,/adminapi/ticket/delete,TicketController,ticket,/modules/ticket/ticket.controller.ts
GET,/adminapi/ticketExchange/list,TicketController,ticket,/modules/ticket/ticket.controller.ts
POST,/adminapi/ticketExchange/update,TicketController,ticket,/modules/ticket/ticket.controller.ts
DELETE,/adminapi/ticketExchange/delete,TicketController,ticket,/modules/ticket/ticket.controller.ts
GET,/adminapi/ticketCategory/list,TicketController,ticket,/modules/ticket/ticket.controller.ts
POST,/adminapi/ticketCategory/update,TicketController,ticket,/modules/ticket/ticket.controller.ts
DELETE,/adminapi/ticketCategory/delete,TicketController,ticket,/modules/ticket/ticket.controller.ts
POST,/adminapi/ticketProcess/update,TicketController,ticket,/modules/ticket/ticket.controller.ts
GET,/adminapi/qrCode/list,TicketController,ticket,/modules/ticket/ticket.controller.ts
POST,/adminapi/qrCode/update,TicketController,ticket,/modules/ticket/ticket.controller.ts
DELETE,/adminapi/qrCode/delete,TicketController,ticket,/modules/ticket/ticket.controller.ts
GET,/adminapi/support/list,TicketProcedureController,ticket,/modules/ticket/procedure/ticket-procedure.controller.ts
GET,/adminapi/support/get,TicketProcedureController,ticket,/modules/ticket/procedure/ticket-procedure.controller.ts
POST,/adminapi/support/update,TicketProcedureController,ticket,/modules/ticket/procedure/ticket-procedure.controller.ts
DELETE,/adminapi/support/delete,TicketProcedureController,ticket,/modules/ticket/procedure/ticket-procedure.controller.ts
GET,/adminapi/ticketStep/list,TicketProcedureController,ticket,/modules/ticket/procedure/ticket-procedure.controller.ts
POST,/adminapi/ticketStep/update,TicketProcedureController,ticket,/modules/ticket/procedure/ticket-procedure.controller.ts
DELETE,/adminapi/ticketStep/delete,TicketProcedureController,ticket,/modules/ticket/procedure/ticket-procedure.controller.ts
GET,/adminapi/supportObject/list,SupportObjectController,ticket,/modules/ticket/support-object/support-object.controller.ts
POST,/adminapi/supportLog/receive,SupportObjectController,ticket,/modules/ticket/support-object/support-object.controller.ts
POST,/adminapi/supportLog/processDone,SupportObjectController,ticket,/modules/ticket/support-object/support-object.controller.ts
POST,/adminapi/supportLog/processRejected,SupportObjectController,ticket,/modules/ticket/support-object/support-object.controller.ts
GET,/adminapi/supportObject/reset,SupportObjectController,ticket,/modules/ticket/support-object/support-object.controller.ts
GET,/adminapi/supportLog/list,SupportObjectController,ticket,/modules/ticket/support-object/support-object.controller.ts
POST,/adminapi/supportLog/update,SupportObjectController,ticket,/modules/ticket/support-object/support-object.controller.ts
POST,/api/upload/file,UploadController,platform-upload,/modules/platform-upload/upload.controller.ts
POST,/api/upload/image,UploadController,platform-upload,/modules/platform-upload/upload.controller.ts
POST,/api/upload/files,UploadController,platform-upload,/modules/platform-upload/upload.controller.ts
GET,/adminapi/warranty/list,WarrantyController,warranty,/modules/warranty/warranty.controller.ts
GET,/adminapi/warranty/get,WarrantyController,warranty,/modules/warranty/warranty.controller.ts
POST,/adminapi/warranty/update,WarrantyController,warranty,/modules/warranty/warranty.controller.ts
POST,/adminapi/warranty/update/status,WarrantyController,warranty,/modules/warranty/warranty.controller.ts
DELETE,/adminapi/warranty/delete,WarrantyController,warranty,/modules/warranty/warranty.controller.ts
GET,/adminapi/warrantyExchange/list,WarrantyController,warranty,/modules/warranty/warranty.controller.ts
POST,/adminapi/warrantyExchange/update,WarrantyController,warranty,/modules/warranty/warranty.controller.ts
DELETE,/adminapi/warrantyExchange/delete,WarrantyController,warranty,/modules/warranty/warranty.controller.ts
GET,/adminapi/warrantyCategory/list,WarrantyController,warranty,/modules/warranty/warranty.controller.ts
POST,/adminapi/warrantyCategory/update,WarrantyController,warranty,/modules/warranty/warranty.controller.ts
DELETE,/adminapi/warrantyCategory/delete,WarrantyController,warranty,/modules/warranty/warranty.controller.ts
POST,/adminapi/warrantySupportObject/receive,WarrantyController,warranty,/modules/warranty/warranty.controller.ts
POST,/adminapi/warrantySupportObject/processDone,WarrantyController,warranty,/modules/warranty/warranty.controller.ts
GET,/adminapi/warrantyProc/list,WarrantyProcedureController,warranty,/modules/warranty/procedure/warranty-procedure.controller.ts
GET,/adminapi/warrantyProc/get,WarrantyProcedureController,warranty,/modules/warranty/procedure/warranty-procedure.controller.ts
POST,/adminapi/warrantyProc/update,WarrantyProcedureController,warranty,/modules/warranty/procedure/warranty-procedure.controller.ts
DELETE,/adminapi/warrantyProc/delete,WarrantyProcedureController,warranty,/modules/warranty/procedure/warranty-procedure.controller.ts
GET,/adminapi/warrantyStep/list,WarrantyProcedureController,warranty,/modules/warranty/procedure/warranty-procedure.controller.ts
POST,/adminapi/warrantyStep/update,WarrantyProcedureController,warranty,/modules/warranty/procedure/warranty-procedure.controller.ts
DELETE,/adminapi/warrantyStep/delete,WarrantyProcedureController,warranty,/modules/warranty/procedure/warranty-procedure.controller.ts