Method,Url,Module,Priority
GET,/adminapi/api/v1/customer/classify/age,api,HIGH
GET,/adminapi/api/v1/customer/classify/campaignJoined,api,HIGH
GET,/adminapi/api/v1/customer/classify/custArea,api,HIGH
GET,/adminapi/api/v1/customer/classify/custCareer,api,HIGH
GET,/adminapi/api/v1/customer/classify/custGroup,api,HIGH
GET,/adminapi/api/v1/customer/classify/custSource,api,HIGH
GET,/adminapi/api/v1/customer/classify/custType,api,HIGH
GET,/adminapi/api/v1/customer/classify/customerCard,api,HIGH
GET,/adminapi/api/v1/customer/classify/gender,api,HIGH
GET,/adminapi/api/v1/customer/classify/identify,api,HIGH
GET,/adminapi/api/v1/customer/classify/interactTimes,api,HIGH
GET,/adminapi/api/v1/customer/classify/notInteractDay,api,HIGH
GET,/adminapi/api/v1/customer/classify/topBought,api,HIGH
GET,/adminapi/api/v1/customer/classify/topInteract,api,HIGH
GET,/adminapi/api/v1/customer/classify/topRevenue,api,HIGH
GET,/adminapi/api/v1/customer/classify/topValueInvoice,api,HIGH
GET,/adminapi/api/v1/score/action,api,HIGH
GET,/adminapi/api/v1/score/campaign,api,HIGH
POST,/adminapi/api/v1/score/insertMulti,api,HIGH
POST,/bpmapi/businessProcess/clone,businessProcess,HIGH
POST,/bpmapi/businessProcess/configNode/update,businessProcess,HIGH
DELETE,/bpmapi/businessProcess/delete,businessProcess,HIGH
GET,/bpmapi/businessProcess/detail,businessProcess,HIGH
GET,/bpmapi/businessProcess/exportExcel,businessProcess,HIGH
GET,/bpmapi/businessProcess/exportExcel/status,businessProcess,HIGH
GET,/bpmapi/businessProcess/get,businessProcess,HIGH
POST,/bpmapi/businessProcess/importExcel,businessProcess,HIGH
GET,/bpmapi/businessProcess/list,businessProcess,HIGH
DELETE,/bpmapi/businessProcess/node/delete,businessProcess,HIGH
POST,/bpmapi/businessProcess/update,businessProcess,HIGH
POST,/bpmapi/businessProcess/update/config,businessProcess,HIGH
POST,/bpmapi/businessProcess/update/sla,businessProcess,HIGH
POST,/bpmapi/businessProcess/updateConfig,businessProcess,HIGH
GET,/adminapi/invoice/card-service/top,invoice,HIGH
GET,/adminapi/invoice/city/top,invoice,HIGH
GET,/adminapi/invoice/code,invoice,HIGH
POST,/adminapi/invoice/create,invoice,HIGH
GET,/adminapi/invoice/debt,invoice,HIGH
GET,/adminapi/invoice/employee/top,invoice,HIGH
GET,/adminapi/invoice/get/sales,invoice,HIGH
GET,/adminapi/invoice/list/v2,invoice,HIGH
GET,/adminapi/invoice/product/top,invoice,HIGH
GET,/adminapi/invoice/service/top,invoice,HIGH
POST,/adminapi/invoice/update/temp,invoice,HIGH
GET,/adminapi/invoice/using/card,invoice,HIGH
POST,/adminapi/ma/config-node/update,ma,HIGH
GET,/adminapi/ma/config/get,ma,HIGH
POST,/adminapi/ma/config/update,ma,HIGH
GET,/adminapi/ma/customer/get,ma,HIGH
GET,/adminapi/ma/detail,ma,HIGH
DELETE,/adminapi/ma/node/delete,ma,HIGH
GET,/adminapi/ma/statistic/byDate,ma,HIGH
GET,/adminapi/ma/statistic/custCard,ma,HIGH
GET,/adminapi/ma/statistic/custCareer,ma,HIGH
GET,/adminapi/ma/statistic/custGroup,ma,HIGH
POST,/adminapi/ma/update-config,ma,HIGH
POST,/adminapi/ma/update/status,ma,HIGH
POST,/adminapi/bpmForm/reject,bpmForm,HIGH
POST,/bpmapi/bpmForm/activate,bpmForm,HIGH
GET,/bpmapi/bpmForm/draft,bpmForm,HIGH
GET,/bpmapi/bpmForm/get,bpmForm,HIGH
GET,/bpmapi/bpmForm/get/timer,bpmForm,HIGH
GET,/bpmapi/bpmForm/init,bpmForm,HIGH
GET,/bpmapi/bpmForm/list/global,bpmForm,HIGH
GET,/bpmapi/bpmForm/list/mapping,bpmForm,HIGH
POST,/bpmapi/bpmForm/update/timer,bpmForm,HIGH
POST,/bpmapi/bpmForm/update/type,bpmForm,HIGH
GET,/adminapi/campaignOpportunity/check,campaignOpportunity,HIGH
GET,/adminapi/campaignOpportunity/exportAction,campaignOpportunity,HIGH
GET,/adminapi/campaignOpportunity/exportCustomer,campaignOpportunity,HIGH
GET,/adminapi/campaignOpportunity/exportResult,campaignOpportunity,HIGH
GET,/adminapi/campaignOpportunity/statisticConvertRate,campaignOpportunity,HIGH
GET,/adminapi/campaignOpportunity/total/dashboard/detail,campaignOpportunity,HIGH
GET,/adminapi/campaignOpportunity/totalByApproach/dashboard,campaignOpportunity,HIGH
GET,/adminapi/campaignOpportunity/totalByDate/dashboard,campaignOpportunity,HIGH
GET,/adminapi/campaignOpportunity/totalExpectedRevenue/dashboard,campaignOpportunity,HIGH
GET,/adminapi/campaignOpportunity/totalExpectedRevenue/dashboard/detail,campaignOpportunity,HIGH
GET,/adminapi/bpm/list/eform,bpm,HIGH
DELETE,/bpmapi/bpm/deleteReason,bpm,HIGH
GET,/bpmapi/bpm/exec/list/node,bpm,HIGH
GET,/bpmapi/bpm/getReason,bpm,HIGH
GET,/bpmapi/bpm/listReason,bpm,HIGH
GET,/bpmapi/bpm/process,bpm,HIGH
GET,/bpmapi/bpm/start,bpm,HIGH
POST,/bpmapi/bpm/updateReason,bpm,HIGH
POST,/bpmapi/bpm/updateReason/active,bpm,HIGH
POST,/api/orgApp/add,orgApp,HIGH
GET,/api/orgApp/calc/priceRemaining,orgApp,HIGH
GET,/api/orgApp/extend,orgApp,HIGH
GET,/api/orgApp/list,orgApp,HIGH
GET,/api/orgApp/list/all,orgApp,HIGH
GET,/api/orgApp/payment/verify,orgApp,HIGH
POST,/api/orgApp/update/bill,orgApp,HIGH
GET,/api/orgApp/upgrade,orgApp,HIGH
DELETE,/bpmapi/bpmConfigLinkNode/delete,bpmConfigLinkNode,HIGH
GET,/bpmapi/bpmConfigLinkNode/get,bpmConfigLinkNode,HIGH
GET,/bpmapi/bpmConfigLinkNode/list,bpmConfigLinkNode,HIGH
GET,/bpmapi/bpmConfigLinkNode/list/children,bpmConfigLinkNode,HIGH
GET,/bpmapi/bpmConfigLinkNode/list/from,bpmConfigLinkNode,HIGH
POST,/bpmapi/bpmConfigLinkNode/update,bpmConfigLinkNode,HIGH
POST,/bpmapi/bpmConfigLinkNode/update/config,bpmConfigLinkNode,HIGH
POST,/bpmapi/bpmConfigLinkNode/update/name,bpmConfigLinkNode,HIGH
DELETE,/bpmapi/bpmConfigNode/delete,bpmConfigNode,HIGH
GET,/bpmapi/bpmConfigNode/get,bpmConfigNode,HIGH
GET,/bpmapi/bpmConfigNode/list,bpmConfigNode,HIGH
GET,/bpmapi/bpmConfigNode/list/children,bpmConfigNode,HIGH
GET,/bpmapi/bpmConfigNode/list/compensation,bpmConfigNode,HIGH
GET,/bpmapi/bpmConfigNode/list/history,bpmConfigNode,HIGH
POST,/bpmapi/bpmConfigNode/update,bpmConfigNode,HIGH
POST,/bpmapi/bpmConfigNode/update/name,bpmConfigNode,HIGH
POST,/adminapi/fs/clone,fs,HIGH
DELETE,/adminapi/fs/delete,fs,HIGH
GET,/adminapi/fs/get,fs,HIGH
GET,/adminapi/fs/list,fs,HIGH
POST,/adminapi/fs/update,fs,HIGH
POST,/adminapi/fs/update-and-init,fs,HIGH
POST,/adminapi/fs/update/status,fs,HIGH
DELETE,/adminapi/order-request/delete-soft,order-request,HIGH
GET,/adminapi/order-request/export,order-request,HIGH
GET,/adminapi/order-request/get,order-request,HIGH
GET,/adminapi/order-request/list,order-request,HIGH
GET,/adminapi/order-request/list-one,order-request,HIGH
POST,/adminapi/order-request/update,order-request,HIGH
POST,/adminapi/order-request/update-and-init,order-request,HIGH
GET,/bpmapi/objectAttribute/checkDuplicated,objectAttribute,HIGH
DELETE,/bpmapi/objectAttribute/delete,objectAttribute,HIGH
GET,/bpmapi/objectAttribute/get,objectAttribute,HIGH
GET,/bpmapi/objectAttribute/list,objectAttribute,HIGH
GET,/bpmapi/objectAttribute/listAll,objectAttribute,HIGH
POST,/bpmapi/objectAttribute/update,objectAttribute,HIGH
POST,/bpmapi/objectAttribute/update/position,objectAttribute,HIGH
GET,/adminapi/contractAttribute/checkDuplicated,contractAttribute,HIGH
DELETE,/adminapi/contractAttribute/delete,contractAttribute,HIGH
GET,/adminapi/contractAttribute/list,contractAttribute,HIGH
GET,/adminapi/contractAttribute/listAll,contractAttribute,HIGH
GET,/adminapi/contractAttribute/listFilter,contractAttribute,HIGH
POST,/adminapi/contractAttribute/update,contractAttribute,HIGH
GET,/adminapi/eformAttribute/checkDuplicated,eformAttribute,HIGH
DELETE,/adminapi/eformAttribute/delete,eformAttribute,HIGH
GET,/adminapi/eformAttribute/get,eformAttribute,HIGH
GET,/adminapi/eformAttribute/list,eformAttribute,HIGH
GET,/adminapi/eformAttribute/listAll,eformAttribute,HIGH
POST,/adminapi/eformAttribute/update,eformAttribute,HIGH
POST,/adminapi/emailRequest/approve,emailRequest,HIGH
POST,/adminapi/emailRequest/cancel,emailRequest,HIGH
DELETE,/adminapi/emailRequest/delete,emailRequest,HIGH
GET,/adminapi/emailRequest/get,emailRequest,HIGH
GET,/adminapi/emailRequest/list,emailRequest,HIGH
POST,/adminapi/emailRequest/update,emailRequest,HIGH
GET,/adminapi/guarantee/export/attributes,guarantee,HIGH
GET,/adminapi/guarantee/export/randomGuarantees,guarantee,HIGH
POST,/adminapi/guarantee/import,guarantee,HIGH
POST,/adminapi/guarantee/import/autoProcess,guarantee,HIGH
GET,/adminapi/guarantee/placeholder,guarantee,HIGH
GET,/adminapi/guarantee/statistical,guarantee,HIGH
DELETE,/adminapi/requestPermission/delete,requestPermission,HIGH
GET,/adminapi/requestPermission/list/source,requestPermission,HIGH
GET,/adminapi/requestPermission/list/target,requestPermission,HIGH
POST,/adminapi/requestPermission/update,requestPermission,HIGH
POST,/adminapi/requestPermission/update/approved ,requestPermission,HIGH
POST,/adminapi/requestPermission/update/rejected ,requestPermission,HIGH
POST,/adminapi/smsRequest/approve,smsRequest,HIGH
POST,/adminapi/smsRequest/cancel,smsRequest,HIGH
DELETE,/adminapi/smsRequest/delete,smsRequest,HIGH
GET,/adminapi/smsRequest/get,smsRequest,HIGH
GET,/adminapi/smsRequest/list,smsRequest,HIGH
POST,/adminapi/smsRequest/update,smsRequest,HIGH
GET,/adminapi/workOrder/report,workOrder,HIGH
GET,/bpmapi/workOrder/list/pause,workOrder,HIGH
GET,/bpmapi/workOrder/recall,workOrder,HIGH
GET,/bpmapi/workOrder/recall/checkResult,workOrder,HIGH
GET,/bpmapi/workOrder/recall/confirm,workOrder,HIGH
POST,/bpmapi/workOrder/update/continue,workOrder,HIGH
POST,/bpmapi/processedObject/clone,processedObject,HIGH
DELETE,/bpmapi/processedObject/delete,processedObject,HIGH
GET,/bpmapi/processedObject/list,processedObject,HIGH
POST,/bpmapi/processedObject/update,processedObject,HIGH
POST,/bpmapi/processedObject/update/processId,processedObject,HIGH
POST,/bpmapi/processedObject/update/status,processedObject,HIGH
DELETE,/adminapi/app/delete,app,HIGH
GET,/adminapi/app/get,app,HIGH
GET,/adminapi/app/get/key,app,HIGH
GET,/adminapi/app/list,app,HIGH
POST,/adminapi/app/update,app,HIGH
GET,/adminapi/contact/export/attributes,contact,HIGH
GET,/adminapi/contact/export/randomContacts,contact,HIGH
POST,/adminapi/contact/import,contact,HIGH
POST,/adminapi/contact/import/autoProcess,contact,HIGH
GET,/adminapi/contact/placeholder ,contact,HIGH
GET,/adminapi/contractWarrantyAttribute/checkDuplicated,contractWarrantyAttribute,HIGH
DELETE,/adminapi/contractWarrantyAttribute/delete,contractWarrantyAttribute,HIGH
GET,/adminapi/contractWarrantyAttribute/list,contractWarrantyAttribute,HIGH
GET,/adminapi/contractWarrantyAttribute/listAll,contractWarrantyAttribute,HIGH
POST,/adminapi/contractWarrantyAttribute/update,contractWarrantyAttribute,HIGH
DELETE,/adminapi/eformExtraInfo/delete,eformExtraInfo,HIGH
GET,/adminapi/eformExtraInfo/get,eformExtraInfo,HIGH
GET,/adminapi/eformExtraInfo/list,eformExtraInfo,HIGH
POST,/adminapi/eformExtraInfo/update,eformExtraInfo,HIGH
POST,/adminapi/eformExtraInfo/update/position,eformExtraInfo,HIGH
DELETE,/adminapi/mailbox/delete,mailbox,HIGH
GET,/adminapi/mailbox/get,mailbox,HIGH
POST,/adminapi/mailbox/update,mailbox,HIGH
POST,/adminapi/mailbox/update/viewer,mailbox,HIGH
GET,/adminapi/mailbox/viewer,mailbox,HIGH
DELETE,/adminapi/marketing/delete,marketing,HIGH
GET,/adminapi/marketing/get,marketing,HIGH
GET,/adminapi/marketing/list,marketing,HIGH
POST,/adminapi/marketing/update,marketing,HIGH
POST,/adminapi/marketing/update/status,marketing,HIGH
DELETE,/adminapi/marketingBudget/delete,marketingBudget,HIGH
GET,/adminapi/marketingBudget/get,marketingBudget,HIGH
GET,/adminapi/marketingBudget/list,marketingBudget,HIGH
POST,/adminapi/marketingBudget/update,marketingBudget,HIGH
POST,/adminapi/marketingBudget/update/status,marketingBudget,HIGH
POST,/adminapi/offer/create,offer,HIGH
GET,/adminapi/offer/debt,offer,HIGH
DELETE,/adminapi/offer/delete,offer,HIGH
GET,/adminapi/offer/list/v2,offer,HIGH
POST,/adminapi/offer/update/temp,offer,HIGH
DELETE,/adminapi/offerProduct/delete,offerProduct,HIGH
GET,/adminapi/offerProduct/get,offerProduct,HIGH
GET,/adminapi/offerProduct/getBoughtProductByCustomerId,offerProduct,HIGH
GET,/adminapi/offerProduct/list,offerProduct,HIGH
POST,/adminapi/offerProduct/update,offerProduct,HIGH
DELETE,/adminapi/pom/delete,pom,HIGH
GET,/adminapi/pom/get,pom,HIGH
GET,/adminapi/pom/list,pom,HIGH
GET,/adminapi/pom/list/invoice,pom,HIGH
POST,/adminapi/pom/update,pom,HIGH
GET,/adminapi/productAttribute/checkDuplicated,productAttribute,HIGH
DELETE,/adminapi/productAttribute/delete,productAttribute,HIGH
GET,/adminapi/productAttribute/list,productAttribute,HIGH
GET,/adminapi/productAttribute/listAll,productAttribute,HIGH
POST,/adminapi/productAttribute/update,productAttribute,HIGH
POST,/adminapi/quote/clone,quote,HIGH
DELETE,/adminapi/quote/delete,quote,HIGH
GET,/adminapi/quote/list,quote,HIGH
POST,/adminapi/quote/update,quote,HIGH
POST,/adminapi/quote/update/status,quote,HIGH
DELETE,/adminapi/resource/delete,resource,HIGH
GET,/adminapi/resource/get,resource,HIGH
GET,/adminapi/resource/list,resource,HIGH
GET,/adminapi/resource/list_ex,resource,HIGH
POST,/adminapi/resource/update,resource,HIGH
DELETE,/adminapi/saleflowInvoice/delete,saleflowInvoice,HIGH
GET,/adminapi/saleflowInvoice/get,saleflowInvoice,HIGH
POST,/adminapi/saleflowInvoice/update/approach,saleflowInvoice,HIGH
POST,/adminapi/saleflowInvoice/update/cancel,saleflowInvoice,HIGH
POST,/adminapi/saleflowInvoice/update/success,saleflowInvoice,HIGH
GET,/adminapi/serviceAttribute/checkDuplicated,serviceAttribute,HIGH
DELETE,/adminapi/serviceAttribute/delete,serviceAttribute,HIGH
GET,/adminapi/serviceAttribute/list,serviceAttribute,HIGH
GET,/adminapi/serviceAttribute/listAll,serviceAttribute,HIGH
POST,/adminapi/serviceAttribute/update,serviceAttribute,HIGH
DELETE,/adminapi/sheetField/delete,sheetField,HIGH
GET,/adminapi/sheetField/get,sheetField,HIGH
GET,/adminapi/sheetField/list,sheetField,HIGH
POST,/adminapi/sheetField/update,sheetField,HIGH
POST,/adminapi/sheetField/update/position,sheetField,HIGH
DELETE,/api/package/delete,package,HIGH
GET,/api/package/get,package,HIGH
GET,/api/package/list,package,HIGH
POST,/api/package/update,package,HIGH
POST,/api/package/update/status,package,HIGH
DELETE,/bpmapi/document/delete,document,HIGH
DELETE,/bpmapi/document/delete/byUrl,document,HIGH
GET,/bpmapi/document/detail,document,HIGH
GET,/bpmapi/document/list,document,HIGH
POST,/bpmapi/document/update,document,HIGH
DELETE,/bpmapi/objectGroup/delete,objectGroup,HIGH
GET,/bpmapi/objectGroup/get,objectGroup,HIGH
GET,/bpmapi/objectGroup/list,objectGroup,HIGH
POST,/bpmapi/objectGroup/update,objectGroup,HIGH
POST,/bpmapi/objectGroup/update/config,objectGroup,HIGH
DELETE,/bpmapi/variableDeclare/delete,variableDeclare,HIGH
GET,/bpmapi/variableDeclare/get,variableDeclare,HIGH
GET,/bpmapi/variableDeclare/list,variableDeclare,HIGH
GET,/bpmapi/variableDeclare/list/global,variableDeclare,HIGH
POST,/bpmapi/variableDeclare/update,variableDeclare,HIGH
GET,/adminapi/artifactGridHeader/list,artifactGridHeader,MEDIUM
DELETE,/bpmapi/artifactGridHeader/delete,artifactGridHeader,MEDIUM
GET,/bpmapi/artifactGridHeader/get,artifactGridHeader,MEDIUM
POST,/bpmapi/artifactGridHeader/update,artifactGridHeader,MEDIUM
DELETE,/adminapi/campaignPipeline/delete,campaignPipeline,MEDIUM
GET,/adminapi/campaignPipeline/get,campaignPipeline,MEDIUM
GET,/adminapi/campaignPipeline/list,campaignPipeline,MEDIUM
POST,/adminapi/campaignPipeline/update,campaignPipeline,MEDIUM
DELETE,/adminapi/contractAttachment/delete,contractAttachment,MEDIUM
GET,/adminapi/contractAttachment/get,contractAttachment,MEDIUM
GET,/adminapi/contractAttachment/list,contractAttachment,MEDIUM
POST,/adminapi/contractAttachment/update,contractAttachment,MEDIUM
DELETE,/adminapi/contractCategory/delete,contractCategory,MEDIUM
GET,/adminapi/contractCategory/get,contractCategory,MEDIUM
GET,/adminapi/contractCategory/list,contractCategory,MEDIUM
POST,/adminapi/contractCategory/update,contractCategory,MEDIUM
DELETE,/adminapi/contractInvestorPayment/delete,contractInvestorPayment,MEDIUM
GET,/adminapi/contractInvestorPayment/get,contractInvestorPayment,MEDIUM
GET,/adminapi/contractInvestorPayment/list,contractInvestorPayment,MEDIUM
POST,/adminapi/contractInvestorPayment/update,contractInvestorPayment,MEDIUM
DELETE,/adminapi/contractProgress/delete,contractProgress,MEDIUM
GET,/adminapi/contractProgress/get,contractProgress,MEDIUM
GET,/adminapi/contractProgress/list,contractProgress,MEDIUM
POST,/adminapi/contractProgress/update,contractProgress,MEDIUM
DELETE,/adminapi/cxmQuestionCondition/delete,cxmQuestionCondition,MEDIUM
GET,/adminapi/cxmQuestionCondition/get,cxmQuestionCondition,MEDIUM
GET,/adminapi/cxmQuestionCondition/list,cxmQuestionCondition,MEDIUM
POST,/adminapi/cxmQuestionCondition/update,cxmQuestionCondition,MEDIUM
DELETE,/adminapi/cxmResponse/delete,cxmResponse,MEDIUM
GET,/adminapi/cxmResponse/get,cxmResponse,MEDIUM
GET,/adminapi/cxmResponse/list,cxmResponse,MEDIUM
POST,/adminapi/cxmResponse/update,cxmResponse,MEDIUM
DELETE,/adminapi/cxmResponseDetail/delete,cxmResponseDetail,MEDIUM
GET,/adminapi/cxmResponseDetail/get,cxmResponseDetail,MEDIUM
GET,/adminapi/cxmResponseDetail/list,cxmResponseDetail,MEDIUM
POST,/adminapi/cxmResponseDetail/update,cxmResponseDetail,MEDIUM
DELETE,/adminapi/diarySurgery/delete,diarySurgery,MEDIUM
GET,/adminapi/diarySurgery/get,diarySurgery,MEDIUM
GET,/adminapi/diarySurgery/listAll,diarySurgery,MEDIUM
POST,/adminapi/diarySurgery/update,diarySurgery,MEDIUM
DELETE,/adminapi/employeeAgent/delete,employeeAgent,MEDIUM
GET,/adminapi/employeeAgent/employeeId,employeeAgent,MEDIUM
GET,/adminapi/employeeAgent/list,employeeAgent,MEDIUM
POST,/adminapi/employeeAgent/update,employeeAgent,MEDIUM
GET,/adminapi/fanpage/connect,fanpage,MEDIUM
GET,/adminapi/fanpage/list,fanpage,MEDIUM
GET,/adminapi/fanpage/remove,fanpage,MEDIUM
POST,/adminapi/fanpage/update,fanpage,MEDIUM
DELETE,/adminapi/fanpageComment/delete,fanpageComment,MEDIUM
GET,/adminapi/fanpageComment/hidden,fanpageComment,MEDIUM
GET,/adminapi/fanpageComment/list,fanpageComment,MEDIUM
GET,/adminapi/fanpageComment/reply,fanpageComment,MEDIUM
DELETE,/adminapi/feedback/delete,feedback,MEDIUM
GET,/adminapi/feedback/list/all,feedback,MEDIUM
POST,/adminapi/feedback/update,feedback,MEDIUM
POST,/adminapi/feedback/update/status,feedback,MEDIUM
DELETE,/adminapi/fsForm/delete,fsForm,MEDIUM
GET,/adminapi/fsForm/list,fsForm,MEDIUM
POST,/adminapi/fsForm/update,fsForm,MEDIUM
POST,/adminapi/fsForm/update/position,fsForm,MEDIUM
DELETE,/adminapi/gift/delete,gift,MEDIUM
GET,/adminapi/gift/list,gift,MEDIUM
POST,/adminapi/gift/update,gift,MEDIUM
POST,/adminapi/gift/update_objectid,gift,MEDIUM
DELETE,/adminapi/globalConfig/delete,globalConfig,MEDIUM
GET,/adminapi/globalConfig/get,globalConfig,MEDIUM
GET,/adminapi/globalConfig/list,globalConfig,MEDIUM
POST,/adminapi/globalConfig/update,globalConfig,MEDIUM
GET,/adminapi/invoiceDetail/cardService,invoiceDetail,MEDIUM
GET,/adminapi/invoiceDetail/customer,invoiceDetail,MEDIUM
POST,/adminapi/invoiceDetail/import,invoiceDetail,MEDIUM
GET,/adminapi/invoiceDetail/list,invoiceDetail,MEDIUM
DELETE,/adminapi/kpiApply/delete,kpiApply,MEDIUM
GET,/adminapi/kpiApply/get/byCampaignId,kpiApply,MEDIUM
GET,/adminapi/kpiApply/list,kpiApply,MEDIUM
POST,/adminapi/kpiApply/update,kpiApply,MEDIUM
GET,/adminapi/kpiObject/employee/result,kpiObject,MEDIUM
GET,/adminapi/kpiObject/get,kpiObject,MEDIUM
GET,/adminapi/kpiObject/get/byObject,kpiObject,MEDIUM
POST,/adminapi/kpiObject/update/web,kpiObject,MEDIUM
DELETE,/adminapi/marketingChannel/delete,marketingChannel,MEDIUM
GET,/adminapi/marketingChannel/get,marketingChannel,MEDIUM
GET,/adminapi/marketingChannel/list,marketingChannel,MEDIUM
POST,/adminapi/marketingChannel/update,marketingChannel,MEDIUM
DELETE,/adminapi/marketingMeasurement/delete,marketingMeasurement,MEDIUM
GET,/adminapi/marketingMeasurement/get,marketingMeasurement,MEDIUM
GET,/adminapi/marketingMeasurement/list,marketingMeasurement,MEDIUM
POST,/adminapi/marketingMeasurement/update,marketingMeasurement,MEDIUM
DELETE,/adminapi/marketingReport/delete,marketingReport,MEDIUM
GET,/adminapi/marketingReport/get,marketingReport,MEDIUM
GET,/adminapi/marketingReport/list,marketingReport,MEDIUM
POST,/adminapi/marketingReport/update,marketingReport,MEDIUM
DELETE,/adminapi/module/delete,module,MEDIUM
GET,/adminapi/module/get,module,MEDIUM
GET,/adminapi/module/list,module,MEDIUM
POST,/adminapi/module/update,module,MEDIUM
DELETE,/adminapi/offerCardService/delete,offerCardService,MEDIUM
GET,/adminapi/offerCardService/list,offerCardService,MEDIUM
POST,/adminapi/offerCardService/update,offerCardService,MEDIUM
POST,/adminapi/offerCardService/update/cardNumber,offerCardService,MEDIUM
GET,/adminapi/offerDetail/cardService,offerDetail,MEDIUM
GET,/adminapi/offerDetail/customer,offerDetail,MEDIUM
POST,/adminapi/offerDetail/import,offerDetail,MEDIUM
GET,/adminapi/offerDetail/list,offerDetail,MEDIUM
DELETE,/adminapi/offerService/delete,offerService,MEDIUM
GET,/adminapi/offerService/get,offerService,MEDIUM
GET,/adminapi/offerService/getBoughtServiceByCustomerId,offerService,MEDIUM
POST,/adminapi/offerService/update,offerService,MEDIUM
DELETE,/adminapi/order/delete,order,MEDIUM
GET,/adminapi/order/get,order,MEDIUM
GET,/adminapi/order/list,order,MEDIUM
POST,/adminapi/order/update,order,MEDIUM
DELETE,/adminapi/outlookMail/delete,outlookMail,MEDIUM
GET,/adminapi/outlookMail/get,outlookMail,MEDIUM
GET,/adminapi/outlookMail/list,outlookMail,MEDIUM
POST,/adminapi/outlookMail/sendEmail,outlookMail,MEDIUM
DELETE,/adminapi/partnerCall/delete,partnerCall,MEDIUM
GET,/adminapi/partnerCall/get,partnerCall,MEDIUM
GET,/adminapi/partnerCall/list,partnerCall,MEDIUM
POST,/adminapi/partnerCall/update,partnerCall,MEDIUM
DELETE,/adminapi/partnerEmail/delete,partnerEmail,MEDIUM
GET,/adminapi/partnerEmail/get,partnerEmail,MEDIUM
GET,/adminapi/partnerEmail/list,partnerEmail,MEDIUM
POST,/adminapi/partnerEmail/update,partnerEmail,MEDIUM
DELETE,/adminapi/partnerSms/delete,partnerSms,MEDIUM
GET,/adminapi/partnerSms/get,partnerSms,MEDIUM
GET,/adminapi/partnerSms/list,partnerSms,MEDIUM
POST,/adminapi/partnerSms/update,partnerSms,MEDIUM
DELETE,/adminapi/process-permission/delete,process-permission,MEDIUM
GET,/adminapi/process-permission/get,process-permission,MEDIUM
GET,/adminapi/process-permission/list,process-permission,MEDIUM
POST,/adminapi/process-permission/update,process-permission,MEDIUM
GET,/adminapi/product/in_warehouse,product,MEDIUM
GET,/adminapi/product/list/shared,product,MEDIUM
POST,/adminapi/product/update/content,product,MEDIUM
GET,/api/product/list,product,MEDIUM
DELETE,/adminapi/project/delete,project,MEDIUM
GET,/adminapi/project/get,project,MEDIUM
GET,/adminapi/project/list,project,MEDIUM
POST,/adminapi/project/update,project,MEDIUM
DELETE,/adminapi/quoteForm/delete,quoteForm,MEDIUM
GET,/adminapi/quoteForm/list,quoteForm,MEDIUM
POST,/adminapi/quoteForm/update,quoteForm,MEDIUM
POST,/adminapi/quoteForm/update/position,quoteForm,MEDIUM
DELETE,/adminapi/rentalType/delete,rentalType,MEDIUM
GET,/adminapi/rentalType/get,rentalType,MEDIUM
GET,/adminapi/rentalType/list,rentalType,MEDIUM
POST,/adminapi/rentalType/update,rentalType,MEDIUM
DELETE,/adminapi/reportArtifact/delete,reportArtifact,MEDIUM
GET,/adminapi/reportArtifact/list/byDashboard,reportArtifact,MEDIUM
GET,/adminapi/reportArtifact/list/byEmployee,reportArtifact,MEDIUM
POST,/adminapi/reportArtifact/update,reportArtifact,MEDIUM
DELETE,/adminapi/sheet/delete,sheet,MEDIUM
GET,/adminapi/sheet/get,sheet,MEDIUM
GET,/adminapi/sheet/list,sheet,MEDIUM
POST,/adminapi/sheet/update,sheet,MEDIUM
DELETE,/adminapi/supportConfig/delete,supportConfig,MEDIUM
GET,/adminapi/supportConfig/get,supportConfig,MEDIUM
GET,/adminapi/supportConfig/list,supportConfig,MEDIUM
POST,/adminapi/supportConfig/update,supportConfig,MEDIUM
GET,/adminapi/supportObject/checkApproved,supportObject,MEDIUM
DELETE,/adminapi/supportObject/delete,supportObject,MEDIUM
GET,/adminapi/supportObject/get/object,supportObject,MEDIUM
POST,/adminapi/supportObject/update,supportObject,MEDIUM
DELETE,/adminapi/surveyForm/delete,surveyForm,MEDIUM
GET,/adminapi/surveyForm/get,surveyForm,MEDIUM
GET,/adminapi/surveyForm/list,surveyForm,MEDIUM
POST,/adminapi/surveyForm/update,surveyForm,MEDIUM
DELETE,/adminapi/templateCategory/delete,templateCategory,MEDIUM
GET,/adminapi/templateCategory/get,templateCategory,MEDIUM
GET,/adminapi/templateCategory/list,templateCategory,MEDIUM
POST,/adminapi/templateCategory/update,templateCategory,MEDIUM
GET,/adminapi/treatmentTime/get_byscheduler,treatmentTime,MEDIUM
GET,/adminapi/treatmentTime/list_schedule_next,treatmentTime,MEDIUM
POST,/adminapi/treatmentTime/update_caring_employee,treatmentTime,MEDIUM
POST,/adminapi/treatmentTime/update_next,treatmentTime,MEDIUM
DELETE,/adminapi/zaloChat/delete,zaloChat,MEDIUM
POST,/adminapi/zaloChat/send/answer,zaloChat,MEDIUM
POST,/adminapi/zaloChat/send/file,zaloChat,MEDIUM
POST,/adminapi/zaloChat/send/link_image,zaloChat,MEDIUM
POST,/api/beautySalon/approve,beautySalon,MEDIUM
DELETE,/api/beautySalon/delete,beautySalon,MEDIUM
GET,/api/beautySalon/get,beautySalon,MEDIUM
GET,/api/beautySalon/list,beautySalon,MEDIUM
DELETE,/api/field/delete,field,MEDIUM
GET,/api/field/get,field,MEDIUM
GET,/api/field/list,field,MEDIUM
POST,/api/field/update,field,MEDIUM
DELETE,/bpmapi/artifactMetadata/delete,artifactMetadata,MEDIUM
GET,/bpmapi/artifactMetadata/get,artifactMetadata,MEDIUM
GET,/bpmapi/artifactMetadata/list,artifactMetadata,MEDIUM
POST,/bpmapi/artifactMetadata/update,artifactMetadata,MEDIUM
DELETE,/bpmapi/bpmFormPopup/delete,bpmFormPopup,MEDIUM
GET,/bpmapi/bpmFormPopup/get,bpmFormPopup,MEDIUM
GET,/bpmapi/bpmFormPopup/list,bpmFormPopup,MEDIUM
POST,/bpmapi/bpmFormPopup/update,bpmFormPopup,MEDIUM
DELETE,/bpmapi/bpmSegmentFilter/mapping/delete,bpmSegmentFilter,MEDIUM
GET,/bpmapi/bpmSegmentFilter/mapping/list,bpmSegmentFilter,MEDIUM
POST,/bpmapi/bpmSegmentFilter/mapping/update,bpmSegmentFilter,MEDIUM
POST,/bpmapi/bpmSegmentFilter/update,bpmSegmentFilter,MEDIUM
GET,/bpmapi/businessRuleTask/checkType,businessRuleTask,MEDIUM
POST,/bpmapi/businessRuleTask/clone,businessRuleTask,MEDIUM
GET,/bpmapi/businessRuleTask/get,businessRuleTask,MEDIUM
POST,/bpmapi/businessRuleTask/update,businessRuleTask,MEDIUM
DELETE,/bpmapi/eform/delete,eform,MEDIUM
GET,/bpmapi/eform/get,eform,MEDIUM
GET,/bpmapi/eform/list,eform,MEDIUM
POST,/bpmapi/eform/update,eform,MEDIUM
GET,/bpmapi/processedObjectLog/list,processedObjectLog,MEDIUM
GET,/bpmapi/processedObjectLog/list/page,processedObjectLog,MEDIUM
GET,/bpmapi/processedObjectLog/onhold,processedObjectLog,MEDIUM
GET,/bpmapi/processedObjectLog/receive,processedObjectLog,MEDIUM
GET,/adminapi/campaign/sale-point-config/get,campaign,MEDIUM
POST,/adminapi/campaign/sale-point-config/update,campaign,MEDIUM
POST,/adminapi/campaign/update/kpi,campaign,MEDIUM
GET,/adminapi/contract/email-contract,contract,MEDIUM
GET,/adminapi/contract/email-quote,contract,MEDIUM
POST,/adminapi/contract/update-and-init,contract,MEDIUM
DELETE,/adminapi/contractHandover/delete,contractHandover,MEDIUM
GET,/adminapi/contractHandover/list,contractHandover,MEDIUM
POST,/adminapi/contractHandover/update,contractHandover,MEDIUM
DELETE,/adminapi/contractQuote/deleteByQuoteId,contractQuote,MEDIUM
GET,/adminapi/contractQuote/list,contractQuote,MEDIUM
POST,/adminapi/contractQuote/update,contractQuote,MEDIUM
DELETE,/adminapi/contractWarrantyAttachment/delete,contractWarrantyAttachment,MEDIUM
GET,/adminapi/contractWarrantyAttachment/list,contractWarrantyAttachment,MEDIUM
POST,/adminapi/contractWarrantyAttachment/update,contractWarrantyAttachment,MEDIUM
DELETE,/adminapi/contractWarrantyType/delete,contractWarrantyType,MEDIUM
GET,/adminapi/contractWarrantyType/list,contractWarrantyType,MEDIUM
POST,/adminapi/contractWarrantyType/update,contractWarrantyType,MEDIUM
GET,/adminapi/customer/placeholder,customer,MEDIUM
GET,/adminapi/customer/reset_to_new,customer,MEDIUM
GET,/adminapi/customer/zalo/oa,customer,MEDIUM
DELETE,/adminapi/customerView/delete,customerView,MEDIUM
GET,/adminapi/customerView/list,customerView,MEDIUM
POST,/adminapi/customerView/update,customerView,MEDIUM
GET,/adminapi/fanpageChat/list,fanpageChat,MEDIUM
GET,/adminapi/fanpageChat/reply,fanpageChat,MEDIUM
POST,/adminapi/fanpageChat/send/attachment,fanpageChat,MEDIUM
DELETE,/adminapi/kpi/delete,kpi,MEDIUM
GET,/adminapi/kpi/list,kpi,MEDIUM
POST,/adminapi/kpi/update,kpi,MEDIUM
DELETE,/adminapi/kpiExchange/delete,kpiExchange,MEDIUM
GET,/adminapi/kpiExchange/get,kpiExchange,MEDIUM
POST,/adminapi/kpiExchange/update,kpiExchange,MEDIUM
GET,/adminapi/maCustomer/customers,maCustomer,MEDIUM
DELETE,/adminapi/maCustomer/delete,maCustomer,MEDIUM
GET,/adminapi/maCustomer/result,maCustomer,MEDIUM
DELETE,/adminapi/objectFeature/delete,objectFeature,MEDIUM
GET,/adminapi/objectFeature/detail,objectFeature,MEDIUM
POST,/adminapi/objectFeature/update,objectFeature,MEDIUM
DELETE,/adminapi/opportunity/delete,opportunity,MEDIUM
GET,/adminapi/opportunity/get,opportunity,MEDIUM
POST,/adminapi/opportunity/update,opportunity,MEDIUM
DELETE,/adminapi/paymentHistory/delete,paymentHistory,MEDIUM
GET,/adminapi/paymentHistory/list,paymentHistory,MEDIUM
POST,/adminapi/paymentHistory/update,paymentHistory,MEDIUM
DELETE,/adminapi/relationship/delete,relationship,MEDIUM
GET,/adminapi/relationship/list,relationship,MEDIUM
POST,/adminapi/relationship/update,relationship,MEDIUM
POST,/adminapi/rolePermission/add,rolePermission,MEDIUM
GET,/adminapi/rolePermission/info,rolePermission,MEDIUM
GET,/adminapi/rolePermission/remove,rolePermission,MEDIUM
GET,/adminapi/saleflowApproach/get,saleflowApproach,MEDIUM
GET,/adminapi/saleflowApproach/list,saleflowApproach,MEDIUM
POST,/adminapi/saleflowApproach/update/sla,saleflowApproach,MEDIUM
GET,/adminapi/service/list/shared,service,MEDIUM
POST,/adminapi/service/update/content,service,MEDIUM
GET,/api/service/list,service,MEDIUM
DELETE,/adminapi/setting/delete,setting,MEDIUM
GET,/adminapi/setting/list,setting,MEDIUM
POST,/adminapi/setting/update,setting,MEDIUM
DELETE,/adminapi/supportLink/delete,supportLink,MEDIUM
GET,/adminapi/supportLink/list,supportLink,MEDIUM
POST,/adminapi/supportLink/update,supportLink,MEDIUM
DELETE,/adminapi/timekeeping/delete,timekeeping,MEDIUM
GET,/adminapi/timekeeping/list,timekeeping,MEDIUM
POST,/adminapi/timekeeping/update,timekeeping,MEDIUM
DELETE,/adminapi/tipUserConfig/delete,tipUserConfig,MEDIUM
GET,/adminapi/tipUserConfig/list,tipUserConfig,MEDIUM
POST,/adminapi/tipUserConfig/update,tipUserConfig,MEDIUM
GET,/adminapi/treatmentHistory/get,treatmentHistory,MEDIUM
GET,/adminapi/treatmentHistory/list_all,treatmentHistory,MEDIUM
GET,/adminapi/treatmentHistory/list_by_customer,treatmentHistory,MEDIUM
GET,/adminapi/warranty/get/overview,warranty,MEDIUM
POST,/adminapi/warranty/send/jssdk,warranty,MEDIUM
GET,/adminapi/warranty/viewer,warranty,MEDIUM
GET,/adminapi/workflowStatus/list,workflowStatus,MEDIUM
DELETE,/bpmapi/workflowStatus/delete,workflowStatus,MEDIUM
GET,/bpmapi/workflowStatus/list,workflowStatus,MEDIUM
GET,/adminapi/znsTemplate/get,znsTemplate,MEDIUM
GET,/adminapi/znsTemplate/list/sync,znsTemplate,MEDIUM
GET,/adminapi/znsTemplate/refresh,znsTemplate,MEDIUM
DELETE,/bpmapi/artifactGrid/delete,artifactGrid,MEDIUM
GET,/bpmapi/artifactGrid/get,artifactGrid,MEDIUM
POST,/bpmapi/artifactGrid/update,artifactGrid,MEDIUM
POST,/bpmapi/callActivity/clone,callActivity,MEDIUM
GET,/bpmapi/callActivity/get,callActivity,MEDIUM
POST,/bpmapi/callActivity/update,callActivity,MEDIUM
POST,/bpmapi/compensationEndEvent/clone,compensationEndEvent,MEDIUM
GET,/bpmapi/compensationEndEvent/get,compensationEndEvent,MEDIUM
POST,/bpmapi/compensationEndEvent/update,compensationEndEvent,MEDIUM
POST,/bpmapi/compensationIntermediateThrowEvent/clone,compensationIntermediateThrowEvent,MEDIUM
GET,/bpmapi/compensationIntermediateThrowEvent/get,compensationIntermediateThrowEvent,MEDIUM
POST,/bpmapi/compensationIntermediateThrowEvent/update,compensationIntermediateThrowEvent,MEDIUM
POST,/bpmapi/complexGateway/clone,complexGateway,MEDIUM
GET,/bpmapi/complexGateway/get,complexGateway,MEDIUM
POST,/bpmapi/complexGateway/update,complexGateway,MEDIUM
POST,/bpmapi/endTask/clone,endTask,MEDIUM
GET,/bpmapi/endTask/get,endTask,MEDIUM
POST,/bpmapi/endTask/update,endTask,MEDIUM
POST,/bpmapi/errorEndEvent/clone,errorEndEvent,MEDIUM
GET,/bpmapi/errorEndEvent/get,errorEndEvent,MEDIUM
POST,/bpmapi/errorEndEvent/update,errorEndEvent,MEDIUM
POST,/bpmapi/errorStartEvent/clone,errorStartEvent,MEDIUM
GET,/bpmapi/errorStartEvent/get,errorStartEvent,MEDIUM
POST,/bpmapi/errorStartEvent/update,errorStartEvent,MEDIUM
POST,/bpmapi/escalationStartEventTask/clone,escalationStartEventTask,MEDIUM
GET,/bpmapi/escalationStartEventTask/get,escalationStartEventTask,MEDIUM
POST,/bpmapi/escalationStartEventTask/update,escalationStartEventTask,MEDIUM
POST,/bpmapi/escalationThrowTask/clone,escalationThrowTask,MEDIUM
GET,/bpmapi/escalationThrowTask/get,escalationThrowTask,MEDIUM
POST,/bpmapi/escalationThrowTask/update,escalationThrowTask,MEDIUM
POST,/bpmapi/exclusiveGateway/clone,exclusiveGateway,MEDIUM
GET,/bpmapi/exclusiveGateway/get,exclusiveGateway,MEDIUM
POST,/bpmapi/exclusiveGateway/update,exclusiveGateway,MEDIUM
POST,/bpmapi/inclusiveGateway/clone,inclusiveGateway,MEDIUM
GET,/bpmapi/inclusiveGateway/get,inclusiveGateway,MEDIUM
POST,/bpmapi/inclusiveGateway/update,inclusiveGateway,MEDIUM
POST,/bpmapi/manualTask/clone,manualTask,MEDIUM
GET,/bpmapi/manualTask/get,manualTask,MEDIUM
POST,/bpmapi/manualTask/update,manualTask,MEDIUM
POST,/bpmapi/messageEndEvent/clone,messageEndEvent,MEDIUM
GET,/bpmapi/messageEndEvent/get,messageEndEvent,MEDIUM
POST,/bpmapi/messageEndEvent/update,messageEndEvent,MEDIUM
POST,/bpmapi/messageIntermediateCatchEvent/clone,messageIntermediateCatchEvent,MEDIUM
GET,/bpmapi/messageIntermediateCatchEvent/get,messageIntermediateCatchEvent,MEDIUM
POST,/bpmapi/messageIntermediateCatchEvent/update,messageIntermediateCatchEvent,MEDIUM
POST,/bpmapi/messageIntermediateThrowEvent/clone,messageIntermediateThrowEvent,MEDIUM
GET,/bpmapi/messageIntermediateThrowEvent/get,messageIntermediateThrowEvent,MEDIUM
POST,/bpmapi/messageIntermediateThrowEvent/update,messageIntermediateThrowEvent,MEDIUM
POST,/bpmapi/messageStartEvent/clone,messageStartEvent,MEDIUM
GET,/bpmapi/messageStartEvent/get,messageStartEvent,MEDIUM
POST,/bpmapi/messageStartEvent/update,messageStartEvent,MEDIUM
POST,/bpmapi/parallelGateway/clone,parallelGateway,MEDIUM
GET,/bpmapi/parallelGateway/get,parallelGateway,MEDIUM
POST,/bpmapi/parallelGateway/update,parallelGateway,MEDIUM
POST,/bpmapi/receiveTask/clone,receiveTask,MEDIUM
GET,/bpmapi/receiveTask/get,receiveTask,MEDIUM
POST,/bpmapi/receiveTask/update,receiveTask,MEDIUM
POST,/bpmapi/scriptTask/clone,scriptTask,MEDIUM
GET,/bpmapi/scriptTask/get,scriptTask,MEDIUM
POST,/bpmapi/scriptTask/update,scriptTask,MEDIUM
POST,/bpmapi/sendTask/clone,sendTask,MEDIUM
POST,/bpmapi/sendTask/get,sendTask,MEDIUM
POST,/bpmapi/sendTask/update,sendTask,MEDIUM
POST,/bpmapi/serviceTask/clone,serviceTask,MEDIUM
GET,/bpmapi/serviceTask/get,serviceTask,MEDIUM
POST,/bpmapi/serviceTask/update,serviceTask,MEDIUM
POST,/bpmapi/signalCatchEvent/clone,signalCatchEvent,MEDIUM
GET,/bpmapi/signalCatchEvent/get,signalCatchEvent,MEDIUM
POST,/bpmapi/signalCatchEvent/update,signalCatchEvent,MEDIUM
POST,/bpmapi/signalEndEvent/clone,signalEndEvent,MEDIUM
GET,/bpmapi/signalEndEvent/get,signalEndEvent,MEDIUM
POST,/bpmapi/signalEndEvent/update,signalEndEvent,MEDIUM
POST,/bpmapi/signalStartEvent/clone,signalStartEvent,MEDIUM
GET,/bpmapi/signalStartEvent/get,signalStartEvent,MEDIUM
POST,/bpmapi/signalStartEvent/update,signalStartEvent,MEDIUM
POST,/bpmapi/signalThrowEvent/clone,signalThrowEvent,MEDIUM
GET,/bpmapi/signalThrowEvent/get,signalThrowEvent,MEDIUM
POST,/bpmapi/signalThrowEvent/update,signalThrowEvent,MEDIUM
POST,/bpmapi/startTask/clone,startTask,MEDIUM
GET,/bpmapi/startTask/get,startTask,MEDIUM
POST,/bpmapi/startTask/update,startTask,MEDIUM
DELETE,/bpmapi/stateMapping/delete,stateMapping,MEDIUM
GET,/bpmapi/stateMapping/list,stateMapping,MEDIUM
POST,/bpmapi/stateMapping/update,stateMapping,MEDIUM
POST,/bpmapi/subprocess/clone,subprocess,MEDIUM
GET,/bpmapi/subprocess/get,subprocess,MEDIUM
POST,/bpmapi/subprocess/update,subprocess,MEDIUM
POST,/bpmapi/terminateEndEvent/clone,terminateEndEvent,MEDIUM
GET,/bpmapi/terminateEndEvent/get,terminateEndEvent,MEDIUM
POST,/bpmapi/terminateEndEvent/update,terminateEndEvent,MEDIUM
POST,/bpmapi/timerTask/clone,timerTask,MEDIUM
GET,/bpmapi/timerTask/get,timerTask,MEDIUM
POST,/bpmapi/timerTask/update,timerTask,MEDIUM
DELETE,/bpmapi/workflow/delete,workflow,MEDIUM
GET,/bpmapi/workflow/list,workflow,MEDIUM
POST,/bpmapi/workflow/update,workflow,MEDIUM
GET,/adminapi/approvalObject/reset,approvalObject,LOW
GET,/bpmapi/approvalObject/reset,approvalObject,LOW
GET,/adminapi/campaignSale/interaction/employee,campaignSale,LOW
GET,/adminapi/campaignSale/interaction/kpis,campaignSale,LOW
GET,/adminapi/contractEform/get/criteria,contractEform,LOW
POST,/adminapi/contractEform/update,contractEform,LOW
GET,/adminapi/contractWarrantyAlert/list,contractWarrantyAlert,LOW
POST,/adminapi/contractWarrantyAlert/update,contractWarrantyAlert,LOW
GET,/adminapi/customerObject/getTop,customerObject,LOW
GET,/adminapi/customerObject/list,customerObject,LOW
GET,/adminapi/cxmOption/get,cxmOption,LOW
GET,/adminapi/cxmOption/list,cxmOption,LOW
GET,/adminapi/cxmQuestion/get,cxmQuestion,LOW
GET,/adminapi/cxmQuestion/list,cxmQuestion,LOW
GET,/adminapi/filter-setting,filter-setting,LOW
GET,/adminapi/filter-setting/customers/attributes,filter-setting,LOW
GET,/adminapi/guaranteeAttribute/checkDuplicated,guaranteeAttribute,LOW
GET,/adminapi/guaranteeAttribute/listAll,guaranteeAttribute,LOW
DELETE,/adminapi/integrationConfig/delete,integrationConfig,LOW
POST,/adminapi/integrationConfig/update,integrationConfig,LOW
GET,/adminapi/integrationLog/list,integrationLog,LOW
POST,/adminapi/integrationLog/update/status,integrationLog,LOW
GET,/adminapi/investor/get,investor,LOW
POST,/adminapi/investor/update,investor,LOW
DELETE,/adminapi/kpiDatasource/delete,kpiDatasource,LOW
POST,/adminapi/kpiDatasource/update,kpiDatasource,LOW
GET,/adminapi/kpiGoal/get,kpiGoal,LOW
GET,/adminapi/kpiGoal/list,kpiGoal,LOW
GET,/adminapi/kpiSetupObject/list/byKotId,kpiSetupObject,LOW
POST,/adminapi/kpiSetupObject/update/web,kpiSetupObject,LOW
GET,/adminapi/maMapping/get,maMapping,LOW
POST,/adminapi/maMapping/update,maMapping,LOW
DELETE,/adminapi/mailboxExchange/delete,mailboxExchange,LOW
POST,/adminapi/mailboxExchange/update,mailboxExchange,LOW
POST,/adminapi/moduleResource/add,moduleResource,LOW
GET,/adminapi/moduleResource/remove,moduleResource,LOW
GET,/adminapi/opportunityEform/get/criteria,opportunityEform,LOW
POST,/adminapi/opportunityEform/update,opportunityEform,LOW
POST,/adminapi/packagePermission/add,packagePermission,LOW
GET,/adminapi/packagePermission/info,packagePermission,LOW
GET,/adminapi/promotion/init-receive-task,promotion,LOW
GET,/adminapi/promotion/list-active,promotion,LOW
DELETE,/adminapi/reportDashboard/delete,reportDashboard,LOW
POST,/adminapi/reportDashboard/update,reportDashboard,LOW
DELETE,/adminapi/reportRole/delete,reportRole,LOW
POST,/adminapi/reportRole/update,reportRole,LOW
GET,/adminapi/role/list/branch,role,LOW
POST,/adminapi/role/update/parent,role,LOW
GET,/adminapi/saleflowExchange/get,saleflowExchange,LOW
GET,/adminapi/saleflowExchange/list,saleflowExchange,LOW
GET,/adminapi/saleflowSale/get/byApproachId,saleflowSale,LOW
POST,/adminapi/saleflowSale/update,saleflowSale,LOW
POST,/adminapi/support/update/status,support,LOW
GET,/api/support/list,support,LOW
GET,/adminapi/treatmentRoom/check,treatmentRoom,LOW
GET,/adminapi/treatmentRoom/get,treatmentRoom,LOW
GET,/adminapi/zaloOa/connect,zaloOa,LOW
GET,/adminapi/zaloOa/remove,zaloOa,LOW
GET,/bpmapi/artifactComment/list,artifactComment,LOW
POST,/bpmapi/artifactComment/update,artifactComment,LOW
POST,/bpmapi/artifactGird/add,artifactGird,LOW
GET,/bpmapi/artifactGird/get,artifactGird,LOW
GET,/bpmapi/bpmAssignmentRule/get,bpmAssignmentRule,LOW
POST,/bpmapi/bpmAssignmentRule/update,bpmAssignmentRule,LOW
GET,/bpmapi/bpmFormData/getByNodeId,bpmFormData,LOW
GET,/bpmapi/bpmFormData/list,bpmFormData,LOW
GET,/bpmapi/bpmObject/getByProcessId,bpmObject,LOW
POST,/bpmapi/bpmObject/update,bpmObject,LOW
POST,/bpmapi/bpmTrigger/activate,bpmTrigger,LOW
GET,/bpmapi/bpmTrigger/list,bpmTrigger,LOW
GET,/bpmapi/conditionalCatchEventTask/get,conditionalCatchEventTask,LOW
POST,/bpmapi/conditionalCatchEventTask/update,conditionalCatchEventTask,LOW
GET,/bpmapi/conditionalStartEventTask/get,conditionalStartEventTask,LOW
POST,/bpmapi/conditionalStartEventTask/update,conditionalStartEventTask,LOW
GET,/bpmapi/decisionTable/get,decisionTable,LOW
POST,/bpmapi/decisionTable/update/pickMode,decisionTable,LOW
GET,/bpmapi/decisionTableInput/detail,decisionTableInput,LOW
GET,/bpmapi/decisionTableInput/list,decisionTableInput,LOW
GET,/bpmapi/decisionTableOutput/detail,decisionTableOutput,LOW
GET,/bpmapi/decisionTableOutput/list,decisionTableOutput,LOW
GET,/bpmapi/ola/checkType,ola,LOW
GET,/bpmapi/ola/export,ola,LOW
POST,/bpmapi/purchaseRequest/approve,purchaseRequest,LOW
GET,/bpmapi/purchaseRequest/draft,purchaseRequest,LOW
GET,/bpmapi/serviceLevel/list,serviceLevel,LOW
POST,/bpmapi/serviceLevel/update,serviceLevel,LOW
GET,/bpmapi/serviceLevelHistory/getHistory,serviceLevelHistory,LOW
POST,/bpmapi/serviceLevelHistory/insert,serviceLevelHistory,LOW
POST,/bpmapi/upload/excelFile,upload,LOW
POST,/bpmapi/upload/getRows,upload,LOW
GET,/adminapi/athena/account-info,athena,LOW
GET,/adminapi/brandname/get,brandname,LOW
POST,/adminapi/campaignApproach/update/sla,campaignApproach,LOW
GET,/adminapi/chatgpt/chat,chatgpt,LOW
GET,/adminapi/chatlog/list,chatlog,LOW
DELETE,/adminapi/cleanData/uploadCustomer/delete,cleanData,LOW
GET,/adminapi/contactAttribute/checkDuplicated,contactAttribute,LOW
GET,/adminapi/contactExchange/get,contactExchange,LOW
GET,/adminapi/contactPipeline/get,contactPipeline,LOW
GET,/adminapi/contactStatus/get,contactStatus,LOW
GET,/adminapi/contractExchange/get,contractExchange,LOW
GET,/adminapi/contractExtraInfo/list,contractExtraInfo,LOW
POST,/adminapi/contractItem/update,contractItem,LOW
GET,/adminapi/contractPayment/get,contractPayment,LOW
GET,/adminapi/contractPipeline/get,contractPipeline,LOW
GET,/adminapi/contractRequest/list,contractRequest,LOW
GET,/adminapi/contractStage/get,contractStage,LOW
POST,/adminapi/contractSubPipeline/update,contractSubPipeline,LOW
GET,/adminapi/contractWarrantyExtraInfo/list,contractWarrantyExtraInfo,LOW
GET,/adminapi/customerAttribute/listFilter,customerAttribute,LOW
GET,/adminapi/customerCall/list,customerCall,LOW
GET,/adminapi/customerEmail/list,customerEmail,LOW
GET,/adminapi/customerExchange/attachment/list,customerExchange,LOW
GET,/adminapi/customerReport/action/list,customerReport,LOW
GET,/adminapi/customerSms/list,customerSms,LOW
GET,/adminapi/customerUpload/list,customerUpload,LOW
GET,/adminapi/customerZalo/list,customerZalo,LOW
GET,/adminapi/cxmSurvey/get,cxmSurvey,LOW
GET,/adminapi/earnings/admin/list,earnings,LOW
GET,/adminapi/email/testConnection,email,LOW
GET,/adminapi/emailConfig/get,emailConfig,LOW
GET,/adminapi/fanpageDialog/list,fanpageDialog,LOW
GET,/adminapi/fanpagePost/get,fanpagePost,LOW
GET,/adminapi/integrationPartner/list,integrationPartner,LOW
POST,/adminapi/kpiSetup/update/web,kpiSetup,LOW
GET,/adminapi/kpiTemplateGoal/list,kpiTemplateGoal,LOW
GET,/adminapi/opportunityExchange/get,opportunityExchange,LOW
GET,/adminapi/opportunityProcess,opportunityProcess,LOW
POST,/adminapi/permission/clone,permission,LOW
GET,/adminapi/productExtraInfo/list,productExtraInfo,LOW
GET,/adminapi/projectType/get,projectType,LOW
GET,/adminapi/qrCode/get,qrCode,LOW
GET,/adminapi/saleflowActivity/list,saleflowActivity,LOW
GET,/adminapi/saleflowEform/get/criteria,saleflowEform,LOW
GET,/adminapi/schedule/list/by_customer,schedule,LOW
GET,/adminapi/scheduleConsultant/get,scheduleConsultant,LOW
GET,/adminapi/scheduleTreatment/get,scheduleTreatment,LOW
GET,/adminapi/serviceExtraInfo/list,serviceExtraInfo,LOW
DELETE,/adminapi/supportLog/delete,supportLog,LOW
GET,/adminapi/survey,survey,LOW
GET,/adminapi/templateEmail/get,templateEmail,LOW
GET,/adminapi/templateSms/get,templateSms,LOW
GET,/adminapi/templateZalo/get,templateZalo,LOW
GET,/adminapi/ticket/viewer,ticket,LOW
GET,/adminapi/ticketCategory/get,ticketCategory,LOW
GET,/adminapi/ticketStep/get,ticketStep,LOW
DELETE,/adminapi/tipUser/delete,tipUser,LOW
GET,/adminapi/warrantyCategory/get,warrantyCategory,LOW
POST,/adminapi/warrantyProcess/update,warrantyProcess,LOW
GET,/adminapi/warrantyStep/get,warrantyStep,LOW
GET,/adminapi/webhook/get,webhook,LOW
GET,/api/area/child,area,LOW
GET,/api/cardService/list,cardService,LOW
GET,/api/objectSource/list,objectSource,LOW
POST,/api/organization/update,organization,LOW
GET,/bpmapi/bpmArtifactData/getByBfatId,bpmArtifactData,LOW
GET,/bpmapi/bpmEngine/form,bpmEngine,LOW
GET,/bpmapi/bpmParticipantProcesslog/list,bpmParticipantProcesslog,LOW
GET,/bpmapi/businessRuleItem/detail,businessRuleItem,LOW
GET,/bpmapi/common/get,common,LOW
GET,/bpmapi/findByCriteria,findByCriteria,LOW
POST,/bpmapi/formMapping/clone,formMapping,LOW
GET,/bpmapi/linkCatchEvent/get,linkCatchEvent,LOW
POST,/bpmapi/linkEvent/update,linkEvent,LOW
POST,/bpmapi/processInstance/update,processInstance,LOW
GET,/bpmapi/rest/call,rest,LOW
GET,/bpmapi/sla/export,sla,LOW
POST,/bpmapi/timerIntermediate/update,timerIntermediate,LOW
POST,/bpmapi/userTask/clone,userTask,LOW
GET,/bpmapi/variableInstance/list,variableInstance,LOW
GET,/notification/notificationHistory/get,notificationHistory,LOW